page_id,user_id,"strftime(""%s"", added, 'localtime')"
431,5,1214789406
897,7,1214952868
431,8,1215006250
432,8,1215006314
433,8,1215006382
434,8,1215006523
435,8,1215006606
436,8,1215006817
437,8,1215006870
438,8,1215006931
439,8,1215007057
439,8,1215007084
440,8,1215007475
441,8,1215007627
442,8,1215007901
443,8,1215007938
432,5,1215364933
432,5,1215364977
806,2,1215388214
786,2,1215388217
767,2,1215388220
766,2,1215388223
754,2,1215388225
867,2,1215388227
729,2,1215388230
893,2,1215388232
884,2,1215388235
903,2,1215388237
913,2,1215388242
709,2,1215388245
739,2,1215388247
882,2,1215388257
800,2,1215388260
875,2,1215388264
922,2,1215388269
747,2,1215388272
859,2,1215388274
720,2,1215388279
685,2,1215388282
841,2,1215388285
923,2,1215388289
725,2,1215388293
824,2,1215388295
829,2,1215388299
698,2,1215388306
779,2,1215388310
861,2,1215388319
708,2,1215388325
815,2,1215388332
748,2,1215388336
883,2,1215388339
783,2,1215388342
914,2,1215388344
809,2,1215388347
752,2,1215388350
807,2,1215388355
716,2,1215388357
793,2,1215388360
905,2,1215388365
756,2,1215388370
817,2,1215388374
760,2,1215388422
909,2,1215388426
855,2,1215388488
702,2,1215388490
858,2,1215388494
862,2,1215388498
733,2,1215388500
866,2,1215388506
830,2,1215388509
777,2,1215388513
738,2,1215388516
910,2,1215388519
906,2,1215388522
920,2,1215388525
746,2,1215388529
688,2,1215388534
724,2,1215388537
787,2,1215388542
921,2,1215388546
689,2,1215388557
901,2,1215388561
775,2,1215388569
789,2,1215388574
834,2,1215388577
718,2,1215388582
726,2,1215388585
684,2,1215388588
877,2,1215388592
751,2,1215388596
792,2,1215388599
722,2,1215388629
850,2,1215388631
797,2,1215388634
690,2,1215388637
814,2,1215388642
878,2,1215388644
734,2,1215388663
881,2,1215388666
697,2,1215388672
870,2,1215388678
764,2,1215388686
735,2,1215388721
844,2,1215388724
869,2,1215388727
730,2,1215388729
772,2,1215388732
839,2,1215388734
710,2,1215388736
836,2,1215388738
885,2,1215388740
727,2,1215388745
745,2,1215388748
750,2,1215388753
691,2,1215388757
692,2,1215388762
868,2,1215388766
790,2,1215388770
719,2,1215388773
899,2,1215388775
753,2,1215388778
894,2,1215388781
703,2,1215388801
721,2,1215388803
699,2,1215388808
845,2,1215388811
826,2,1215388815
849,2,1215388818
695,2,1215388821
872,2,1215388824
765,2,1215388827
876,2,1215388829
822,2,1215388832
795,2,1215388835
854,2,1215388882
740,2,1215388884
852,2,1215388887
693,2,1215388891
857,2,1215388893
812,2,1215388895
696,2,1215388898
919,2,1215388900
907,2,1215388903
755,2,1215388909
842,2,1215388912
803,2,1215388915
863,2,1215388918
853,2,1215388919
892,2,1215388922
898,2,1215388927
840,2,1215388931
781,2,1215388934
837,2,1215388938
778,2,1215388941
714,2,1215388947
701,2,1215388951
744,2,1215388953
823,2,1215388968
785,2,1215388988
811,2,1215388991
782,2,1215388993
743,2,1215388996
770,2,1215388999
917,2,1215389001
763,2,1215389003
832,2,1215389019
819,2,1215389021
816,2,1215389023
820,2,1215389026
794,2,1215389030
904,2,1215389033
911,2,1215389035
838,2,1215389038
805,2,1215389040
741,2,1215389047
796,2,1215389050
731,2,1215389054
890,2,1215389056
757,2,1215389058
707,2,1215389060
723,2,1215389064
732,2,1215389067
758,2,1215389069
687,2,1215389072
865,2,1215389074
912,2,1215389076
773,2,1215389078
896,2,1215389080
713,2,1215389083
835,2,1215389089
889,2,1215389102
808,2,1215389106
821,2,1215389113
828,2,1215389117
856,2,1215389119
736,2,1215389152
916,2,1215389154
879,2,1215389156
891,2,1215389173
762,2,1215389183
706,2,1215389195
833,2,1215389197
873,2,1215389200
737,2,1215389249
848,2,1215389252
715,2,1215389283
915,2,1215389286
888,2,1215389288
728,2,1215389293
801,2,1215389295
874,2,1215389303
846,2,1215389305
780,2,1215389307
908,2,1215389311
694,2,1215389313
871,2,1215389315
742,2,1215389317
847,2,1215389319
918,2,1215389322
860,2,1215389324
804,2,1215389326
759,2,1215389330
802,2,1215389332
769,2,1215389334
784,2,1215389337
686,2,1215389342
791,2,1215389344
749,2,1215389346
771,2,1215389348
887,2,1215389350
831,2,1215389353
798,2,1215389354
843,2,1215389356
880,2,1215389358
768,2,1215389366
717,2,1215389370
774,2,1215389372
810,2,1215389377
825,2,1215389379
799,2,1215389381
827,2,1215389388
895,2,1215389390
788,2,1215389393
900,2,1215389395
712,2,1215389401
902,2,1215389408
432,2,1215395034
433,2,1215395049
434,2,1215395290
435,2,1215395325
436,2,1215395619
437,2,1215395636
438,2,1215395674
439,2,1215395907
440,2,1215396325
441,2,1215396558
442,2,1215396774
443,2,1215396809
431,7,1215444305
432,7,1215444324
433,7,1215444345
434,7,1215444357
435,7,1215444379
436,7,1215444392
437,7,1215444411
437,7,1215444417
438,7,1215444434
439,7,1215444487
440,7,1215445191
441,7,1215445372
442,7,1215445389
907,9,1215469531
821,9,1215469691
847,9,1215469774
431,1,1215509386
431,10,1215527669
432,10,1215527714
433,10,1215527744
817,14,1215537489
888,14,1215537542
912,14,1215537614
798,14,1215537683
921,14,1215537803
752,14,1215537885
825,14,1215537957
739,14,1215537983
802,14,1215538038
842,14,1215538106
753,14,1215538136
753,14,1215538320
693,14,1215538402
804,14,1215538479
902,14,1215538623
881,14,1215538716
726,14,1215538776
910,14,1215538818
431,11,1215538843
887,14,1215538854
756,14,1215538926
808,14,1215538977
749,14,1215539023
907,14,1215539158
880,14,1215539206
876,14,1215539258
839,14,1215539333
835,14,1215539383
879,14,1215539428
769,14,1215539474
432,11,1215539523
695,14,1215539568
850,14,1215539653
433,11,1215539723
434,11,1215540607
435,11,1215541395
431,9,1215541477
432,9,1215541656
433,9,1215541700
434,9,1215541849
436,11,1215541850
435,9,1215541921
436,9,1215542050
437,9,1215542106
437,11,1215542113
438,11,1215542376
439,11,1215542816
438,9,1215543016
439,9,1215543208
440,9,1215543454
440,11,1215543529
441,9,1215543604
442,9,1215543747
443,9,1215543768
912,9,1215543869
441,11,1215544169
713,9,1215544185
792,9,1215544425
698,9,1215544519
765,9,1215544567
442,11,1215544586
443,11,1215544684
685,9,1215544750
920,11,1215544855
825,9,1215545081
879,11,1215545123
804,9,1215545159
859,9,1215545228
723,9,1215545328
740,11,1215545678
868,9,1215545710
781,9,1215545741
777,9,1215546088
691,11,1215546122
819,11,1215546294
787,9,1215546351
794,9,1215546795
890,9,1215546924
867,9,1215547118
752,11,1215547737
863,11,1215548063
922,11,1215548370
785,11,1215548515
738,11,1215548894
787,11,1215550315
892,11,1215550768
431,2,1215557177
431,16,1215562627
432,16,1215562701
433,16,1215562753
434,16,1215562956
435,16,1215563051
436,16,1215563191
436,16,1215563235
437,16,1215563274
438,16,1215563505
440,16,1215564006
440,16,1215564041
439,16,1215564245
441,16,1215564436
442,16,1215564646
443,16,1215564693
833,16,1215564964
694,16,1215565314
706,16,1215565444
904,16,1215565629
756,16,1215565780
729,16,1215566029
859,16,1215566096
710,16,1215566231
891,16,1215566336
735,16,1215566558
747,16,1215566749
687,16,1215566919
914,16,1215567067
916,16,1215567134
912,16,1215567208
814,16,1215567345
724,16,1215567465
883,16,1215567530
688,16,1215567615
826,16,1215605273
877,16,1215605492
835,16,1215605637
860,16,1215605748
816,16,1215605835
803,16,1215606155
843,16,1215606220
739,16,1215606379
906,11,1215709249
906,11,1215709324
893,11,1215709481
769,11,1215709542
843,11,1215709727
882,11,1215710129
894,11,1215710832
856,11,1215711101
835,11,1215711405
747,11,1215711774
749,11,1215712173
808,11,1215712392
877,11,1215712567
850,11,1215713089
879,11,1215713171
691,11,1215713333
863,11,1215713423
431,17,1215724611
432,17,1215724767
433,17,1215724793
434,17,1215724862
435,17,1215724936
436,17,1215725040
437,17,1215725081
438,17,1215725167
439,17,1215725330
440,17,1215725537
441,17,1215725649
442,17,1215725686
443,17,1215725708
443,17,1215725731
440,17,1215725746
870,17,1215725880
756,17,1215725937
891,17,1215725996
899,17,1215726067
884,17,1215726133
736,17,1215726239
431,19,1215726300
921,17,1215726324
767,17,1215726334
887,17,1215726360
898,17,1215726467
432,19,1215726502
865,17,1215726664
853,17,1215726779
889,17,1215726832
875,17,1215727029
903,17,1215727186
684,17,1215727303
843,17,1215727378
819,17,1215727405
841,17,1215727476
909,17,1215727567
433,19,1215727714
908,17,1215727743
840,17,1215727798
687,17,1215727847
434,19,1215727879
773,17,1215727901
860,17,1215727936
802,17,1215727992
748,17,1215728039
803,17,1215728101
739,17,1215728124
435,19,1215728194
779,17,1215728230
779,17,1215728235
694,17,1215728338
765,17,1215728359
436,19,1215728402
703,17,1215728449
437,19,1215728526
790,17,1215728533
888,17,1215728586
775,17,1215728795
905,17,1215728828
782,17,1215728901
785,17,1215728962
438,19,1215728994
439,19,1215729273
440,19,1215730326
441,19,1215730722
443,19,1215730998
442,19,1215731178
752,19,1215732125
697,19,1215732644
438,19,1215732724
904,19,1215732873
879,19,1215733199
872,19,1215733336
724,19,1215733465
713,19,1215733625
921,19,1215733840
791,19,1215734144
814,19,1215734284
780,19,1215734380
876,19,1215734454
861,19,1215734974
770,19,1215735064
769,19,1215736007
835,19,1215736070
907,19,1215736173
781,19,1215736211
841,19,1215736449
877,19,1215736526
760,19,1215736685
730,19,1215736784
710,19,1215736864
690,19,1215736979
807,19,1215737099
859,19,1215737170
880,19,1215737209
819,19,1215737268
887,19,1215737313
431,20,1215737472
432,20,1215737542
431,20,1215737570
433,20,1215737641
434,20,1215737895
435,20,1215738062
436,20,1215738123
437,20,1215738239
438,20,1215738377
439,20,1215738511
440,20,1215738746
441,20,1215738972
441,20,1215739042
442,20,1215739237
443,20,1215739315
772,20,1215739630
721,20,1215739972
764,20,1215740071
743,20,1215740201
799,20,1215740446
856,20,1215740504
724,20,1215740590
804,20,1215740697
765,20,1215740773
842,20,1215740841
792,20,1215740961
431,21,1215809770
432,21,1215809971
433,21,1215810070
434,21,1215813563
435,21,1215813722
436,21,1215813892
437,21,1215813972
438,21,1215814113
439,21,1215814324
440,21,1215814670
441,21,1215814796
442,21,1215814958
734,21,1215815307
443,21,1215815364
878,21,1215815458
892,21,1215815683
829,21,1215815883
850,21,1215815966
893,21,1215816382
777,21,1215816881
808,21,1215817106
842,21,1215817187
826,21,1215817530
765,21,1215818643
706,21,1215818903
876,21,1215819117
891,21,1215819192
817,21,1215819410
431,22,1215876507
432,22,1215876595
433,22,1215876749
434,22,1215877184
434,22,1215877293
435,22,1215877920
436,22,1215878085
432,24,1215878175
437,22,1215878178
433,24,1215878253
438,22,1215878404
435,24,1215878519
439,22,1215878552
436,24,1215878716
440,22,1215878816
442,22,1215879043
438,24,1215879085
433,26,1215879179
443,22,1215879294
434,26,1215879490
435,26,1215879679
812,22,1215879683
435,26,1215879685
686,22,1215879818
431,26,1215879884
431,25,1215879885
695,22,1215879892
893,22,1215879961
432,26,1215879979
921,22,1215880041
436,26,1215880166
437,26,1215880206
865,22,1215880247
439,24,1215880339
747,22,1215880355
432,25,1215880443
438,26,1215880477
440,24,1215880590
433,25,1215880603
439,26,1215880665
758,22,1215880719
441,24,1215880905
809,22,1215880917
434,25,1215880920
809,22,1215880922
773,22,1215881058
440,26,1215881069
781,22,1215881089
435,25,1215881142
857,22,1215881170
442,24,1215881211
436,25,1215881270
437,25,1215881359
441,26,1215881396
861,22,1215881453
442,26,1215881457
443,26,1215881478
438,25,1215881620
438,25,1215881630
439,25,1215881915
778,22,1215881917
842,24,1215882293
440,25,1215882329
692,26,1215882480
441,22,1215882625
441,25,1215882631
878,24,1215882754
442,25,1215882770
443,25,1215882833
828,26,1215882883
443,24,1215883008
431,24,1215883066
434,24,1215883151
437,24,1215883183
437,24,1215883194
817,24,1215883295
685,25,1215883366
804,24,1215883391
743,26,1215883460
773,25,1215883639
895,26,1215883657
752,26,1215883786
820,24,1215884030
830,25,1215884144
747,24,1215884148
431,27,1215884208
833,26,1215884228
792,24,1215884246
823,24,1215884319
432,27,1215884380
917,26,1215884459
747,26,1215884574
855,25,1215884576
723,25,1215884635
771,26,1215884669
794,24,1215884833
882,24,1215884996
870,25,1215885058
853,26,1215885247
890,24,1215885257
746,25,1215885305
888,26,1215885325
894,24,1215885386
698,24,1215885575
791,25,1215885619
916,24,1215885675
893,26,1215885845
782,24,1215885870
840,25,1215886010
821,24,1215886019
816,26,1215886054
840,26,1215886244
752,22,1215886402
768,26,1215886489
824,26,1215886608
734,25,1215886612
860,26,1215886713
823,25,1215886759
873,22,1215886774
781,26,1215886830
911,25,1215886910
794,26,1215886995
821,25,1215887032
793,26,1215887048
794,25,1215887279
841,26,1215887320
903,22,1215887410
903,22,1215887414
854,25,1215887581
694,26,1215887667
906,22,1215887952
840,22,1215888505
808,22,1215888608
899,22,1215888690
782,22,1215888844
707,22,1215888987
905,22,1215889104
756,22,1215889169
740,22,1215889330
918,22,1215889481
689,22,1215890114
872,22,1215890344
907,22,1215890675
856,22,1215890821
765,22,1215890872
849,22,1215890972
781,22,1215891009
732,26,1215891144
812,22,1215891208
431,28,1215891252
686,22,1215891317
432,28,1215891373
432,28,1215891374
432,28,1215891377
695,22,1215891389
893,22,1215891410
432,28,1215891412
432,28,1215891412
432,28,1215891426
738,26,1215891429
921,22,1215891446
865,22,1215891516
433,28,1215891537
890,26,1215891550
747,22,1215891554
758,22,1215891696
809,22,1215891748
434,28,1215891778
773,22,1215891799
892,26,1215891814
435,28,1215891863
857,22,1215891991
727,26,1215892022
843,26,1215892074
773,26,1215892269
819,26,1215892350
436,28,1215892417
436,28,1215892496
778,22,1215892513
437,28,1215892646
438,28,1215893490
439,28,1215893880
440,28,1215894647
441,28,1215894828
442,28,1215895062
443,28,1215895100
817,28,1215895476
916,28,1215895584
788,28,1215896235
892,28,1215896440
904,28,1215896573
699,28,1215896886
695,28,1215896994
771,28,1215897126
714,28,1215897520
801,28,1215897558
823,28,1215897629
923,28,1215897686
724,28,1215897753
842,28,1215897838
777,28,1215898158
868,28,1215898591
431,29,1215898911
903,28,1215898974
432,29,1215898985
433,29,1215899023
434,29,1215899135
858,28,1215899158
848,28,1215899373
435,29,1215899536
895,28,1215899586
436,29,1215899606
437,29,1215899651
438,29,1215899720
780,28,1215899761
439,29,1215899858
687,28,1215899909
440,29,1215899973
441,29,1215900055
442,29,1215900158
443,29,1215900188
884,28,1215900347
912,28,1215900418
820,28,1215900583
758,28,1215900768
741,28,1215900880
880,28,1215900933
434,30,1215903660
435,30,1215903726
436,30,1215903945
437,30,1215904156
438,30,1215904370
439,30,1215904483
440,30,1215904736
441,30,1215904813
442,30,1215904891
443,30,1215904909
433,27,1215946516
817,31,1215949296
892,31,1215949997
718,31,1215950621
688,31,1215950760
860,31,1215950905
877,31,1215950972
765,31,1215951013
693,31,1215951316
898,31,1215951762
766,31,1215951807
848,31,1215951916
847,31,1215951998
709,31,1215952229
850,31,1215952237
854,31,1215952385
923,31,1215952506
904,31,1215952598
853,31,1215953052
431,23,1215962116
432,23,1215962193
432,23,1215962207
433,23,1215962244
434,23,1215962413
435,23,1215962598
436,23,1215963078
437,23,1215963200
438,23,1215963319
795,24,1215963681
839,24,1215963824
803,24,1215964050
816,24,1215964157
439,23,1215964643
434,10,1215964747
435,10,1215964829
690,24,1215964875
436,10,1215964911
437,10,1215964954
431,32,1215964993
431,32,1215965077
438,10,1215965099
440,23,1215965160
743,24,1215965172
439,10,1215965195
765,24,1215965252
432,32,1215965291
767,24,1215965296
433,32,1215965316
440,10,1215965331
434,32,1215965406
435,32,1215965436
441,23,1215965445
701,24,1215965534
701,10,1215965547
436,32,1215965570
437,32,1215965595
771,10,1215965616
438,32,1215965668
439,32,1215965701
440,32,1215965749
442,23,1215965767
441,32,1215965826
443,23,1215965851
442,32,1215965857
443,32,1215965867
730,24,1215966030
812,24,1215966118
755,24,1215966251
923,24,1215966351
739,24,1215966424
852,32,1215966528
819,24,1215966594
902,32,1215966706
762,24,1215966771
685,32,1215966784
739,32,1215966818
752,32,1215966866
891,24,1215966931
888,24,1215967000
694,32,1215967024
798,32,1215967107
721,32,1215967195
752,24,1215967236
736,32,1215967292
765,32,1215967306
730,32,1215967346
880,32,1215967376
868,32,1215967457
828,23,1215967959
909,23,1215968069
914,32,1215968072
783,32,1215968106
804,32,1215968132
855,32,1215968184
822,32,1215968265
885,32,1215968383
714,32,1215968456
714,32,1215968456
754,32,1215968702
745,32,1215968736
771,32,1215968788
709,32,1215968968
737,32,1215969038
903,23,1215969284
880,23,1215969401
793,23,1215969486
883,23,1215969861
795,23,1215970351
431,33,1215973832
432,33,1215973951
433,33,1215973996
434,33,1215974196
435,33,1215974305
436,33,1215974385
437,33,1215974431
438,33,1215974501
439,33,1215974666
688,23,1215974854
440,33,1215974911
441,33,1215974991
442,33,1215975033
443,33,1215975061
822,23,1215975536
892,23,1215975872
835,23,1215976047
772,23,1215976467
919,33,1215976612
434,27,1215980062
435,27,1215980642
436,27,1215980777
437,27,1215980932
914,33,1215980953
889,33,1215981057
438,27,1215981161
828,33,1215981465
439,27,1215981469
439,27,1215981470
439,27,1215981471
439,27,1215981472
439,27,1215981473
439,27,1215981474
439,27,1215981475
439,27,1215981476
439,27,1215981477
439,27,1215981478
439,27,1215981479
439,27,1215981480
439,27,1215981481
439,27,1215981482
439,27,1215981483
439,27,1215981483
439,27,1215981484
731,33,1215981541
735,33,1215981610
748,33,1215981703
440,27,1215981763
710,33,1215981887
441,27,1215982192
441,27,1215982240
442,27,1215982269
442,27,1215982302
443,27,1215982320
809,33,1215982419
883,33,1215982501
762,33,1215982727
742,33,1215982876
831,33,1215983246
882,33,1215984260
717,33,1215984369
764,33,1215984655
759,33,1215984876
810,33,1215985619
738,33,1215985738
791,33,1215985877
835,33,1215985939
431,35,1215985974
865,33,1215986077
432,35,1215986126
433,35,1215986177
842,33,1215986211
699,33,1215986274
434,35,1215986293
435,35,1215986324
900,33,1215986346
436,35,1215986431
437,35,1215986497
438,35,1215986528
439,35,1215986583
440,35,1215986610
441,35,1215986649
442,35,1215986662
443,35,1215986678
781,35,1215986741
431,36,1215986918
432,36,1215986932
432,36,1215986938
825,35,1215986942
784,35,1215987034
432,36,1215987138
432,36,1215987139
433,36,1215987205
434,36,1215987280
435,36,1215987359
750,35,1215987363
436,36,1215987452
437,36,1215987519
789,35,1215987530
438,36,1215987587
438,36,1215987587
438,36,1215987591
438,36,1215987591
438,36,1215987593
438,36,1215987593
438,36,1215987595
438,36,1215987595
438,36,1215987596
438,36,1215987596
438,36,1215987597
438,36,1215987598
438,36,1215987600
438,36,1215987600
438,36,1215987603
438,36,1215987603
438,36,1215987606
438,36,1215987606
438,36,1215987609
438,36,1215987609
438,36,1215987612
439,36,1215987737
440,36,1215987947
441,36,1215988012
442,36,1215988151
443,36,1215988217
738,36,1215988413
809,27,1215988418
911,36,1215988516
843,36,1215988635
797,27,1215988660
781,36,1215988690
781,36,1215988691
781,36,1215988691
781,36,1215988691
781,36,1215988692
781,36,1215988692
781,36,1215988692
756,36,1215988692
756,36,1215988692
756,36,1215988692
756,36,1215988693
756,36,1215988693
756,36,1215988693
756,36,1215988693
756,36,1215988693
756,36,1215988693
849,36,1215988755
849,36,1215988756
849,36,1215988757
849,36,1215988758
849,36,1215988758
849,36,1215988759
849,36,1215988759
849,36,1215988759
849,36,1215988759
849,36,1215988759
849,36,1215988760
849,36,1215988760
849,36,1215988760
849,36,1215988760
823,36,1215988802
823,36,1215988804
855,36,1215988948
855,36,1215988948
855,36,1215988949
746,36,1215988989
746,36,1215988989
746,36,1215988992
746,36,1215988992
746,36,1215988999
746,36,1215988999
746,36,1215989004
746,36,1215989004
746,36,1215989006
746,36,1215989007
915,36,1215989123
915,36,1215989123
915,36,1215989125
915,36,1215989126
915,36,1215989127
915,36,1215989128
915,36,1215989129
915,36,1215989130
915,36,1215989132
915,36,1215989132
915,36,1215989134
915,36,1215989135
915,36,1215989137
915,36,1215989137
915,36,1215989139
915,36,1215989139
915,36,1215989141
915,36,1215989141
915,36,1215989144
915,36,1215989144
915,36,1215989146
915,36,1215989146
915,36,1215989148
723,36,1215989225
757,36,1215989298
710,36,1215989362
710,36,1215989362
710,36,1215989362
725,36,1215989383
725,36,1215989384
725,36,1215989384
725,36,1215989385
725,36,1215989385
725,36,1215989385
725,36,1215989386
725,36,1215989386
725,36,1215989386
725,36,1215989386
725,36,1215989387
725,36,1215989387
725,36,1215989387
725,36,1215989387
881,36,1215989424
881,36,1215989425
881,36,1215989426
881,36,1215989427
881,36,1215989427
881,36,1215989427
881,36,1215989428
881,36,1215989428
881,36,1215989430
881,36,1215989430
881,36,1215989432
881,36,1215989433
881,36,1215989434
881,36,1215989435
881,36,1215989438
777,36,1215989556
888,36,1215989619
888,36,1215989619
888,36,1215989619
888,36,1215989620
888,36,1215989620
888,36,1215989621
888,36,1215989621
888,36,1215989621
814,36,1215989667
814,36,1215989667
814,36,1215989667
814,36,1215989668
814,36,1215989668
814,36,1215989668
814,36,1215989668
814,36,1215989669
814,36,1215989669
814,36,1215989669
814,36,1215989669
814,36,1215989670
814,36,1215989670
814,36,1215989671
814,36,1215989671
814,36,1215989671
885,29,1215989711
909,29,1215989743
865,36,1215989760
865,36,1215989760
865,36,1215989761
865,36,1215989761
771,36,1215989806
771,36,1215989806
771,36,1215989807
797,36,1215989807
771,36,1215989807
908,36,1215989897
908,36,1215989898
908,36,1215989914
908,36,1215989915
908,36,1215989919
908,36,1215989920
908,36,1215989923
908,36,1215989923
908,36,1215989924
908,36,1215989924
908,36,1215989926
908,36,1215989926
908,36,1215989927
908,36,1215989927
908,36,1215989928
908,36,1215989928
908,36,1215989934
908,36,1215989935
908,36,1215989936
908,36,1215989937
908,36,1215989939
908,36,1215989939
908,36,1215989941
908,36,1215989941
908,36,1215989943
908,36,1215989943
908,36,1215989946
908,36,1215989947
908,36,1215989953
908,36,1215989953
908,36,1215989955
908,36,1215989955
908,36,1215989960
908,36,1215989961
908,36,1215989970
908,36,1215989970
431,37,1215989979
908,36,1215989980
908,36,1215989980
908,36,1215989983
908,36,1215989983
908,36,1215989985
908,36,1215989985
908,36,1215989987
908,36,1215989987
908,36,1215989989
908,36,1215989989
908,36,1215989991
908,36,1215989992
908,36,1215990005
908,36,1215990006
718,29,1215990008
908,36,1215990023
908,36,1215990024
908,36,1215990040
908,36,1215990042
908,36,1215990057
908,36,1215990058
802,29,1215990060
908,36,1215990079
908,36,1215990082
908,36,1215990098
908,36,1215990101
908,36,1215990115
908,36,1215990118
908,36,1215990128
908,36,1215990129
908,36,1215990135
908,36,1215990138
908,36,1215990146
908,36,1215990149
908,36,1215990161
908,36,1215990165
908,36,1215990177
908,36,1215990179
908,36,1215990190
908,36,1215990191
736,36,1215990222
915,29,1215990254
923,36,1215990259
687,36,1215990333
917,29,1215990360
781,29,1215990388
433,37,1215990452
872,29,1215990484
788,29,1215990626
893,29,1215990652
784,29,1215990730
436,37,1215990739
827,27,1215990780
701,29,1215990833
919,29,1215990908
868,29,1215991031
799,27,1215991044
746,29,1215991059
896,29,1215991158
690,27,1215991695
730,27,1215991871
814,27,1215991991
741,27,1215992104
767,27,1215992127
870,27,1215992437
914,27,1215992542
792,29,1215992793
789,29,1215992889
688,29,1215992953
708,29,1215993057
439,37,1215993097
854,29,1215993161
877,29,1215993219
740,29,1215993245
873,29,1215993365
910,29,1215993377
916,29,1215993394
912,29,1215993416
766,29,1215993504
745,29,1215993557
440,37,1215993581
807,29,1215993617
891,29,1215993657
742,29,1215993732
874,27,1215993746
767,29,1215993762
771,29,1215993794
751,29,1215993874
814,29,1215993905
441,37,1215994294
692,27,1215994583
903,27,1215994822
879,27,1215994911
431,38,1216038572
432,38,1216038655
433,38,1216038702
434,38,1216038800
435,38,1216038833
436,38,1216038897
437,38,1216038962
438,38,1216039050
439,38,1216039157
440,38,1216039312
441,38,1216039416
442,38,1216039480
443,38,1216039494
735,38,1216039630
854,38,1216039857
797,38,1216045227
755,38,1216045325
754,38,1216045669
884,38,1216045841
853,38,1216046305
911,38,1216046399
771,38,1216046457
745,38,1216046508
913,38,1216046690
764,38,1216047438
909,38,1216047563
732,38,1216047921
810,38,1216047977
918,38,1216048059
431,40,1216077875
432,40,1216077986
433,40,1216078069
434,40,1216078293
435,40,1216078471
435,40,1216078479
435,40,1216078523
436,40,1216078630
437,40,1216078716
438,40,1216078981
438,40,1216079038
439,40,1216081556
439,40,1216081666
440,40,1216081796
441,40,1216081943
442,40,1216082060
443,40,1216082095
831,40,1216082303
876,40,1216082485
824,40,1216082720
757,40,1216082871
724,40,1216083019
431,41,1216083177
913,40,1216083350
432,41,1216083452
712,40,1216083457
894,40,1216083548
433,41,1216083581
907,40,1216083700
786,40,1216085477
821,40,1216085518
842,40,1216085682
706,40,1216085848
431,42,1216085959
432,42,1216086006
909,40,1216086038
893,40,1216086100
432,42,1216086153
431,43,1216086162
432,43,1216086210
433,42,1216086224
433,43,1216086235
434,43,1216086324
434,42,1216086352
435,43,1216086389
435,42,1216086465
436,43,1216086517
437,43,1216086548
438,43,1216086589
439,43,1216086638
440,43,1216086760
441,43,1216086801
442,43,1216086849
443,43,1216086858
847,43,1216087018
723,43,1216087085
800,43,1216087204
734,43,1216087380
431,44,1216114582
431,44,1216115459
431,44,1216115777
432,44,1216116424
432,44,1216116472
432,44,1216116495
433,44,1216116566
434,44,1216116950
435,44,1216117193
436,44,1216117360
437,44,1216117460
438,44,1216117815
439,44,1216118003
432,39,1216118122
433,39,1216118274
434,39,1216118449
434,39,1216118450
440,44,1216118490
435,39,1216118627
441,44,1216118779
436,39,1216118844
437,39,1216118919
781,43,1216119071
442,44,1216119092
438,39,1216119106
765,43,1216119124
443,44,1216119131
914,43,1216119342
438,39,1216119496
876,43,1216119626
439,39,1216119715
879,43,1216119731
763,43,1216119811
912,43,1216119903
880,43,1216120043
756,43,1216120264
840,43,1216120366
783,43,1216120410
802,40,1216120675
839,40,1216120708
807,40,1216120871
747,40,1216121013
811,40,1216121265
890,40,1216121672
916,40,1216121713
887,40,1216121778
846,40,1216121943
835,40,1216121996
710,44,1216123487
773,44,1216123818
899,44,1216124024
908,44,1216124532
738,44,1216124750
876,44,1216124960
917,44,1216125277
812,44,1216125383
690,44,1216125560
701,44,1216125683
788,44,1216125877
443,30,1216128486
431,30,1216128573
686,30,1216128689
901,30,1216128951
805,30,1216129089
436,42,1216129633
436,42,1216129685
437,42,1216129794
920,38,1216130022
835,38,1216130233
807,38,1216130434
914,38,1216130529
722,42,1216130747
773,42,1216130811
794,42,1216131010
811,38,1216131038
857,38,1216131165
874,44,1216131228
687,42,1216131249
908,38,1216131606
691,42,1216131680
729,38,1216131727
746,42,1216131781
829,38,1216131822
431,45,1216131907
841,38,1216131912
800,42,1216131950
702,44,1216131981
742,44,1216132098
432,45,1216132128
433,45,1216132242
791,44,1216132304
434,45,1216132462
435,45,1216132538
834,30,1216132598
759,30,1216132852
892,45,1216132897
830,30,1216133020
431,30,1216133083
811,45,1216133198
839,30,1216133274
806,45,1216133358
770,30,1216133395
752,45,1216133441
816,45,1216133609
750,30,1216133641
847,30,1216133733
817,30,1216133764
912,45,1216133821
904,45,1216134098
861,30,1216134123
753,30,1216134178
893,45,1216134217
707,30,1216134335
879,45,1216134405
685,30,1216134602
436,45,1216134630
432,30,1216134674
437,45,1216134755
438,45,1216134801
439,45,1216134978
440,45,1216135126
441,45,1216135183
442,45,1216135212
443,45,1216135242
433,30,1216135765
866,45,1216135864
755,45,1216136036
767,45,1216136084
431,46,1216138337
432,46,1216138400
432,46,1216138448
433,46,1216138504
434,46,1216138758
435,46,1216138856
436,46,1216138925
437,46,1216138962
431,47,1216139058
438,46,1216139122
439,46,1216139299
432,47,1216139567
433,47,1216139730
441,46,1216139913
442,46,1216140032
443,46,1216140051
434,47,1216140059
435,47,1216140191
436,47,1216140416
440,46,1216140457
760,42,1216140471
845,46,1216140487
756,46,1216140562
836,46,1216140804
817,46,1216140822
781,46,1216140859
809,46,1216141051
783,45,1216141711
859,44,1216141834
707,44,1216142039
831,44,1216142241
762,44,1216142470
699,44,1216142725
739,44,1216142773
908,45,1216142820
726,45,1216143015
697,44,1216143114
888,44,1216143172
757,45,1216143230
736,44,1216143311
440,39,1216143436
777,44,1216143561
441,39,1216143622
431,39,1216143659
431,39,1216143664
868,45,1216143721
920,45,1216143766
792,45,1216143945
921,45,1216144223
442,39,1216144231
443,39,1216144256
921,45,1216144269
847,23,1216144451
800,45,1216144534
792,39,1216144586
829,23,1216144601
839,45,1216144614
736,39,1216144822
701,23,1216145029
731,39,1216145236
701,45,1216145290
724,23,1216145327
725,23,1216145409
835,45,1216145535
741,23,1216145549
775,23,1216145606
859,45,1216145826
811,45,1216145931
916,45,1216146007
743,39,1216146060
905,23,1216146065
829,39,1216146166
763,23,1216146191
769,39,1216146215
826,39,1216146340
915,39,1216146449
841,23,1216146598
808,39,1216146632
912,39,1216146758
730,23,1216146906
756,23,1216147124
721,39,1216147130
748,39,1216147218
879,39,1216147283
895,39,1216147390
890,39,1216147552
739,23,1216153021
753,23,1216153069
729,23,1216153200
842,23,1216153371
431,48,1216154480
432,48,1216154637
433,48,1216154908
434,48,1216155303
435,48,1216155870
436,48,1216156118
437,48,1216157321
438,48,1216158012
439,48,1216158289
440,48,1216159099
441,48,1216159479
442,48,1216160253
443,48,1216160285
812,23,1216160372
780,23,1216160592
773,23,1216160759
814,23,1216161299
434,41,1216167267
435,41,1216167507
435,41,1216167513
436,41,1216167675
437,41,1216167795
438,41,1216167882
836,41,1216168451
739,41,1216168549
749,41,1216168649
896,41,1216170095
804,41,1216170231
799,41,1216170806
920,41,1216170855
796,48,1216170927
827,41,1216170990
717,41,1216171213
774,48,1216171717
794,41,1216171890
923,41,1216172120
781,48,1216172241
891,41,1216172280
824,41,1216172365
849,41,1216172557
691,48,1216172575
809,48,1216172809
784,41,1216172941
885,48,1216173075
800,48,1216173156
725,41,1216173164
729,41,1216173347
838,41,1216173550
852,48,1216173575
822,39,1216175797
802,39,1216175871
685,39,1216175999
893,39,1216176044
756,39,1216176108
867,39,1216176182
850,39,1216176249
707,39,1216176397
706,39,1216176480
747,39,1216176582
746,39,1216176667
834,39,1216176777
431,49,1216180051
432,49,1216180265
433,49,1216180459
434,49,1216180664
435,49,1216180722
914,48,1216203724
869,48,1216203912
762,48,1216204071
729,48,1216204195
751,48,1216204375
698,48,1216204495
844,48,1216204732
748,48,1216204833
891,48,1216204907
879,48,1216204958
722,48,1216205186
708,48,1216205468
723,48,1216205579
431,50,1216205623
432,50,1216205675
433,50,1216205713
434,50,1216205841
435,50,1216205894
436,50,1216206015
437,50,1216206062
438,50,1216206124
439,50,1216206235
440,50,1216206324
441,50,1216206506
442,50,1216206566
442,50,1216206567
443,50,1216206602
828,50,1216206941
712,50,1216207046
914,50,1216207250
882,50,1216207375
431,51,1216209635
432,51,1216209686
433,51,1216209720
815,50,1216209788
434,51,1216209797
435,51,1216209846
825,50,1216209939
436,51,1216209995
437,51,1216210061
438,51,1216210226
439,51,1216210349
440,51,1216210522
441,51,1216210672
442,51,1216210827
443,51,1216211193
889,51,1216211537
696,51,1216212067
876,51,1216212120
771,46,1216212151
887,51,1216212181
877,46,1216212213
741,51,1216212232
889,46,1216212283
834,51,1216212311
795,46,1216212407
735,51,1216212468
891,46,1216212514
918,25,1216212537
912,51,1216212618
788,46,1216212669
823,51,1216212692
847,51,1216212716
756,51,1216212757
743,46,1216212758
734,46,1216212817
829,51,1216212854
871,51,1216213066
717,51,1216213141
787,25,1216213157
843,51,1216213175
850,51,1216213214
794,51,1216213378
701,51,1216213509
431,52,1216213516
706,25,1216213517
749,51,1216213555
905,51,1216213630
868,51,1216213824
860,51,1216213954
895,51,1216214062
921,51,1216214223
917,25,1216214238
812,51,1216214269
695,25,1216214366
432,52,1216214537
771,25,1216214602
433,52,1216214672
814,25,1216214932
431,53,1216215077
431,54,1216215259
432,53,1216215298
848,25,1216215337
436,49,1216215358
433,53,1216215363
812,25,1216215432
434,53,1216215432
432,54,1216215464
739,25,1216215498
437,49,1216215511
433,54,1216215532
438,49,1216215567
756,25,1216215581
434,54,1216215629
435,53,1216215645
435,54,1216215694
436,54,1216215802
439,49,1216215805
437,54,1216216046
436,53,1216216076
440,49,1216216114
438,54,1216216142
437,53,1216216195
439,54,1216216279
760,25,1216216284
441,49,1216216352
438,53,1216216492
809,25,1216216581
439,53,1216216585
725,46,1216216605
912,46,1216216650
440,54,1216216657
440,53,1216216757
440,46,1216216769
442,49,1216216801
441,54,1216216803
882,25,1216216808
831,46,1216216849
443,49,1216216855
441,53,1216216971
790,46,1216217018
741,46,1216217064
789,50,1216217179
710,46,1216217203
442,53,1216217205
442,54,1216217233
443,53,1216217233
443,54,1216217294
762,46,1216217325
846,46,1216217369
883,46,1216217431
689,53,1216217437
910,46,1216217479
691,49,1216217500
779,25,1216217502
773,46,1216217558
867,49,1216217601
811,46,1216217640
835,49,1216217696
889,54,1216217758
919,46,1216217832
861,50,1216217872
823,46,1216217881
789,49,1216218013
842,50,1216218138
868,54,1216218164
739,49,1216218167
849,50,1216218266
431,55,1216218271
742,54,1216218282
765,50,1216218322
434,52,1216218498
432,55,1216218621
433,55,1216218744
913,54,1216218797
435,52,1216218802
847,54,1216218839
431,56,1216218971
436,52,1216219027
844,54,1216219039
830,50,1216219050
739,50,1216219073
437,52,1216219091
797,48,1216219120
432,56,1216219169
872,48,1216219228
433,56,1216219266
706,48,1216219310
434,55,1216219322
438,52,1216219376
906,48,1216219494
439,52,1216219544
434,56,1216219589
440,52,1216219815
689,48,1216219831
732,54,1216219842
435,55,1216219854
739,48,1216219868
918,48,1216219953
787,54,1216220073
753,48,1216220077
837,48,1216220170
712,54,1216220184
435,56,1216220199
441,52,1216220213
876,48,1216220238
835,54,1216220250
701,54,1216220340
436,55,1216220408
442,52,1216220455
836,48,1216220574
437,55,1216220581
907,48,1216220643
815,54,1216220667
859,54,1216220759
786,48,1216220796
765,54,1216220843
690,48,1216220866
789,48,1216220981
890,48,1216221022
873,54,1216221023
438,55,1216221236
820,54,1216221299
819,54,1216221344
710,54,1216221419
439,55,1216221562
912,54,1216221629
734,54,1216221751
431,57,1216222039
871,56,1216222080
880,56,1216222322
849,56,1216222749
820,49,1216222755
729,49,1216222933
715,49,1216223081
892,56,1216223218
703,56,1216224384
730,35,1216224419
781,35,1216224492
432,57,1216224619
806,35,1216224665
825,35,1216224711
433,57,1216224738
862,54,1216224739
821,54,1216224781
786,54,1216224923
913,35,1216224956
755,54,1216225021
782,35,1216225025
443,52,1216225031
778,56,1216225047
785,35,1216225060
888,35,1216225092
748,35,1216225268
748,35,1216225277
795,54,1216225282
809,49,1216225343
805,56,1216225423
440,55,1216225428
441,55,1216225450
442,55,1216225463
794,35,1216225469
443,55,1216225474
726,56,1216225575
687,35,1216225594
706,52,1216225670
811,49,1216225687
899,56,1216225795
687,35,1216225841
772,54,1216225875
887,52,1216225972
896,54,1216226027
833,35,1216226357
834,56,1216226403
884,49,1216226410
750,35,1216226446
750,35,1216226494
795,35,1216226805
434,57,1216226846
841,52,1216226888
784,49,1216226909
791,56,1216227099
860,49,1216227245
809,52,1216227347
823,56,1216227440
772,49,1216227452
849,55,1216227587
911,49,1216227598
918,52,1216227768
826,49,1216227812
920,49,1216227886
744,56,1216228340
915,52,1216228599
919,55,1216228643
712,56,1216228769
867,52,1216228805
794,56,1216229212
820,55,1216229288
765,56,1216229323
808,52,1216229415
905,56,1216229657
855,52,1216230243
788,55,1216230391
717,52,1216230508
804,52,1216230579
724,52,1216230954
758,55,1216230985
884,55,1216231340
903,42,1216231409
701,55,1216231558
906,52,1216231574
849,52,1216231732
741,52,1216231821
763,18,1216231890
763,18,1216232002
743,18,1216232139
852,52,1216232290
709,55,1216232310
431,18,1216232358
431,18,1216232372
432,18,1216232426
433,18,1216232515
749,52,1216232611
434,18,1216232679
767,52,1216232685
435,18,1216232724
882,52,1216232762
436,18,1216232774
893,52,1216232813
782,52,1216232881
437,18,1216232891
688,52,1216233020
438,18,1216233151
848,55,1216233178
439,18,1216233224
854,52,1216233254
440,18,1216233367
835,55,1216233380
894,52,1216233394
441,18,1216233443
800,52,1216233502
888,55,1216233538
442,18,1216233557
443,18,1216233597
780,52,1216233709
901,18,1216233737
878,55,1216233751
771,18,1216233774
812,52,1216233819
712,18,1216233849
785,52,1216233905
796,18,1216233959
695,55,1216233975
827,18,1216233997
883,55,1216234266
877,55,1216234594
819,55,1216234796
878,42,1216235212
748,55,1216235281
785,55,1216235374
788,42,1216235792
890,55,1216235861
898,42,1216235929
783,42,1216236000
725,42,1216236027
741,55,1216236116
714,42,1216236294
780,42,1216236412
869,42,1216236645
707,42,1216236700
809,42,1216237151
893,42,1216237200
431,58,1216242570
432,58,1216242706
432,58,1216242735
433,58,1216242774
434,58,1216242817
435,58,1216242886
436,58,1216242971
437,58,1216243013
438,58,1216243068
439,58,1216243134
440,58,1216243270
441,58,1216243373
442,58,1216243430
443,58,1216243457
692,58,1216243955
787,58,1216244123
726,58,1216244196
913,58,1216244479
923,58,1216244526
753,58,1216244573
769,58,1216244633
725,58,1216244659
920,58,1216244679
800,58,1216244717
824,58,1216244762
854,58,1216244903
895,58,1216245028
729,58,1216245122
757,58,1216245217
858,58,1216245335
695,58,1216245480
712,58,1216245582
767,58,1216245595
802,58,1216245677
905,58,1216245732
763,58,1216245802
883,58,1216245882
879,58,1216245928
814,58,1216246035
724,58,1216246106
431,59,1216248375
435,57,1216249222
873,35,1216249526
436,57,1216249603
437,57,1216249782
702,35,1216250032
702,35,1216250052
749,35,1216250127
432,59,1216250148
438,57,1216250217
918,35,1216250273
918,35,1216250285
882,35,1216250382
882,35,1216250388
439,57,1216250412
433,59,1216250499
440,57,1216250955
434,59,1216251084
435,59,1216251209
441,57,1216251304
436,59,1216251648
437,59,1216251939
438,59,1216252285
439,59,1216252481
442,57,1216252517
443,57,1216252641
431,60,1216255183
432,60,1216255334
433,60,1216255544
434,60,1216255952
435,60,1216256174
436,60,1216256618
751,53,1216286232
870,53,1216286639
736,53,1216286772
918,53,1216286855
919,53,1216287036
885,53,1216287282
858,53,1216287369
906,53,1216287532
826,53,1216287610
916,53,1216287640
769,53,1216287669
439,59,1216293272
686,35,1216293305
817,35,1216293446
801,35,1216293617
901,35,1216293746
889,35,1216293869
439,59,1216293917
439,59,1216294071
439,59,1216294310
439,59,1216294344
440,59,1216294525
440,59,1216294630
440,59,1216294641
440,59,1216294696
440,59,1216295008
440,59,1216295071
440,59,1216295263
440,59,1216295291
440,59,1216295308
441,59,1216295677
441,59,1216295721
709,18,1216295797
715,18,1216295851
737,18,1216295955
442,59,1216295995
805,18,1216296099
442,59,1216296139
852,18,1216296292
757,18,1216296354
795,18,1216296485
773,18,1216296533
808,18,1216296582
689,59,1216296760
774,18,1216297002
839,18,1216297071
726,18,1216297098
846,18,1216297144
811,18,1216297229
697,59,1216297242
859,46,1216297257
921,18,1216297298
724,18,1216297406
876,18,1216297527
896,18,1216297631
834,18,1216297699
800,18,1216297746
757,46,1216297781
760,18,1216297793
708,59,1216297820
793,59,1216297884
917,18,1216297901
920,46,1216297991
840,18,1216298033
785,46,1216298053
794,59,1216298073
880,46,1216298109
878,46,1216298160
684,59,1216298321
917,59,1216298516
805,59,1216298706
889,55,1216298794
857,59,1216298871
771,59,1216298919
860,59,1216299038
751,59,1216299208
829,59,1216299316
839,59,1216299372
686,59,1216299480
878,59,1216299532
437,60,1216299562
800,55,1216299614
795,59,1216299688
789,59,1216299812
438,60,1216299835
922,59,1216300009
899,55,1216300044
907,59,1216300137
439,60,1216300178
810,59,1216300272
431,15,1216300352
431,15,1216300445
431,15,1216300481
849,59,1216300507
854,59,1216300591
440,60,1216300617
687,55,1216300645
900,59,1216300683
807,59,1216300836
861,59,1216301049
910,59,1216301081
441,60,1216301095
734,59,1216301180
432,15,1216301189
841,55,1216301193
433,15,1216301266
442,60,1216301470
434,15,1216301488
443,60,1216301556
435,15,1216301589
435,15,1216301596
435,15,1216301624
796,55,1216301664
812,15,1216301733
888,15,1216301764
891,15,1216301821
883,15,1216301885
883,15,1216301891
855,60,1216301921
882,15,1216301948
685,60,1216302067
859,15,1216302069
829,55,1216302087
723,15,1216302110
858,15,1216302230
893,15,1216302285
756,15,1216302345
905,55,1216302349
757,15,1216302457
431,62,1216302791
852,15,1216302857
921,60,1216302993
819,15,1216302998
860,15,1216303138
816,55,1216303173
747,60,1216303190
741,15,1216303196
823,60,1216303256
860,60,1216303324
693,15,1216303363
867,55,1216303389
910,15,1216303407
793,15,1216303460
739,15,1216303512
843,60,1216303513
748,15,1216303621
748,15,1216303628
791,60,1216303649
890,15,1216303869
785,15,1216304030
923,15,1216304123
887,15,1216304198
837,15,1216304720
907,15,1216304821
828,15,1216304971
839,15,1216305039
772,15,1216305228
916,15,1216305352
877,15,1216305615
749,15,1216305688
921,15,1216306047
434,62,1216307439
431,65,1216308227
431,64,1216308346
432,64,1216308558
433,64,1216308671
436,62,1216308723
432,65,1216308794
434,64,1216308853
437,62,1216309002
830,60,1216309186
433,65,1216309189
819,49,1216309292
438,62,1216309536
708,60,1216309694
781,60,1216309751
439,62,1216309858
434,65,1216309877
440,62,1216309904
730,60,1216309909
878,60,1216309982
435,65,1216310343
440,62,1216310570
436,65,1216310774
437,65,1216310902
441,62,1216310912
442,62,1216311359
443,62,1216311410
438,65,1216311972
439,65,1216312199
898,62,1216312520
440,65,1216312746
789,62,1216312871
900,62,1216313043
441,65,1216313071
431,66,1216313497
442,65,1216313514
443,65,1216313560
692,62,1216313623
432,66,1216313729
433,66,1216313839
746,62,1216313884
907,62,1216313963
434,66,1216314252
431,61,1216314875
432,61,1216314973
433,61,1216315070
435,66,1216315095
434,64,1216315208
436,66,1216315252
435,64,1216315271
434,61,1216315318
437,66,1216315368
436,64,1216315379
437,64,1216315428
438,64,1216315478
436,61,1216315535
439,64,1216315565
845,60,1216315580
437,61,1216315593
438,66,1216315599
438,61,1216315633
687,60,1216315677
440,64,1216315712
439,66,1216315792
441,64,1216315795
441,64,1216315810
901,60,1216315821
442,64,1216315836
439,61,1216315840
442,64,1216315847
443,64,1216315874
780,60,1216315895
440,61,1216315955
441,61,1216315994
883,60,1216316002
442,61,1216316025
443,61,1216316054
713,60,1216316185
910,64,1216316351
832,60,1216316405
876,64,1216316463
881,60,1216316482
834,60,1216316535
885,61,1216316555
800,64,1216316610
440,66,1216316617
773,60,1216316624
920,64,1216316656
857,62,1216316708
825,60,1216316730
892,64,1216316808
771,60,1216316810
441,66,1216316826
893,64,1216316896
820,60,1216316951
713,61,1216316958
442,66,1216317017
443,66,1216317070
727,64,1216317093
842,60,1216317169
880,60,1216317225
922,62,1216317249
443,62,1216317284
431,62,1216317312
814,64,1216317319
443,62,1216317329
436,62,1216317342
786,60,1216317351
438,65,1216317362
438,65,1216317375
439,65,1216317414
768,66,1216317480
871,64,1216317521
744,64,1216317735
909,66,1216317744
733,66,1216318814
716,64,1216318915
443,63,1216319056
443,63,1216319065
728,64,1216319213
442,63,1216319240
443,67,1216319294
443,68,1216319296
719,64,1216319492
759,64,1216319561
733,64,1216319743
854,61,1216319791
863,66,1216319810
863,64,1216319816
778,64,1216320160
696,67,1216320467
696,64,1216320486
434,61,1216320565
435,61,1216320574
440,61,1216320613
779,64,1216320622
728,66,1216320814
441,67,1216320905
774,64,1216320934
442,67,1216320971
439,67,1216321020
443,69,1216321047
718,64,1216321055
443,69,1216321058
443,69,1216321067
754,61,1216321141
718,66,1216321283
727,68,1216321639
768,61,1216321651
754,67,1216321993
790,67,1216322550
775,66,1216322656
719,70,1216322717
837,66,1216322784
440,69,1216323056
844,66,1216323064
696,67,1216323113
728,68,1216323169
441,72,1216323335
441,69,1216323354
442,72,1216323537
832,70,1216323547
442,69,1216323604
838,68,1216323645
832,67,1216323687
862,70,1216323790
438,69,1216323816
439,69,1216323914
798,68,1216323946
862,67,1216323957
798,27,1216324015
737,66,1216324350
815,68,1216324424
815,67,1216324438
845,27,1216324597
737,70,1216324673
443,70,1216324921
875,68,1216324980
875,27,1216325024
716,67,1216325073
770,27,1216325096
693,67,1216325246
440,70,1216325260
866,66,1216325372
440,72,1216325447
684,68,1216325448
440,72,1216325453
869,67,1216325480
869,27,1216325625
443,72,1216325631
703,67,1216325707
437,72,1216325712
437,72,1216325719
716,61,1216325757
874,70,1216325788
874,67,1216325884
431,65,1216325945
431,65,1216325970
699,72,1216326021
699,72,1216326033
699,72,1216326033
698,67,1216326050
715,67,1216326096
727,70,1216326147
714,68,1216326216
902,72,1216326248
902,70,1216326254
722,68,1216326452
698,65,1216326494
727,67,1216326540
719,72,1216326549
740,68,1216326587
702,70,1216326596
740,67,1216326665
745,72,1216326881
702,61,1216327066
702,61,1216327069
702,61,1216327069
702,61,1216327071
758,72,1216327075
702,61,1216327079
702,61,1216327083
702,61,1216327085
702,61,1216327086
702,61,1216327086
702,61,1216327094
702,61,1216327095
702,61,1216327098
702,61,1216327101
702,61,1216327103
702,61,1216327106
702,61,1216327108
702,61,1216327110
702,61,1216327112
702,61,1216327116
702,61,1216327131
702,61,1216327131
702,61,1216327135
732,72,1216327463
759,72,1216327632
770,72,1216327776
744,72,1216327886
838,64,1216328210
719,65,1216328416
796,64,1216328447
731,72,1216328604
768,72,1216328772
799,64,1216328894
733,72,1216328971
774,65,1216329036
801,65,1216329151
803,64,1216329170
775,72,1216329249
778,72,1216329369
822,72,1216329442
438,47,1216329512
439,47,1216329672
441,47,1216329919
750,65,1216329929
442,47,1216330130
443,47,1216330180
779,65,1216330190
437,47,1216330205
728,47,1216330660
728,65,1216330729
827,65,1216330851
806,65,1216331069
810,47,1216331090
856,47,1216331209
766,65,1216331215
837,47,1216331308
866,65,1216331384
881,65,1216331476
844,65,1216331602
922,47,1216331704
863,65,1216331892
790,47,1216331995
845,65,1216332115
846,65,1216332172
684,47,1216332338
692,65,1216332504
689,47,1216332764
686,47,1216332907
833,66,1216333292
697,47,1216333547
713,47,1216333782
871,47,1216333906
699,66,1216333952
715,47,1216334063
694,47,1216334286
718,47,1216334495
440,47,1216334859
889,35,1216335243
708,35,1216335551
696,66,1216335939
717,66,1216336270
721,66,1216337002
693,30,1216341128
733,30,1216341291
719,30,1216341537
703,30,1216341842
742,30,1216341921
731,30,1216342121
440,71,1216342432
693,73,1216342616
436,71,1216342627
737,30,1216343065
751,57,1216343540
732,30,1216343570
745,57,1216343590
722,30,1216343824
755,30,1216343976
755,57,1216344051
744,30,1216344156
758,57,1216344285
760,57,1216344485
766,57,1216345552
768,57,1216345844
763,57,1216346130
774,57,1216346690
759,57,1216348676
779,57,1216349080
716,62,1216349727
783,62,1216350217
784,62,1216350598
754,62,1216351151
778,62,1216351531
790,62,1216351688
750,62,1216351695
797,57,1216357431
793,57,1216357473
799,57,1216357704
801,57,1216357796
786,57,1216357986
796,57,1216358125
775,25,1216376638
436,69,1216377180
437,69,1216377299
433,69,1216377334
434,69,1216377496
435,69,1216377571
432,69,1216377617
714,69,1216378149
806,25,1216378208
432,75,1216378267
805,69,1216378287
827,69,1216378392
433,75,1216378438
803,69,1216378482
432,75,1216378535
803,25,1216378548
434,75,1216378599
435,75,1216378647
436,75,1216378690
440,61,1216378709
832,61,1216378726
437,75,1216378753
824,25,1216378755
815,69,1216378865
822,25,1216378895
438,75,1216378904
439,75,1216378936
440,75,1216378964
815,61,1216379390
810,61,1216379574
798,61,1216379693
846,72,1216379991
764,69,1216380001
770,75,1216380138
833,69,1216380239
837,75,1216380239
836,72,1216380276
844,61,1216380411
853,75,1216380539
838,72,1216380573
838,72,1216380583
838,69,1216380632
858,72,1216380715
848,75,1216380754
857,61,1216380814
435,75,1216380862
831,69,1216380897
845,72,1216380899
435,75,1216380905
869,72,1216381012
863,69,1216381044
441,13,1216381046
863,61,1216381053
871,72,1216381073
862,75,1216381204
865,72,1216381238
865,72,1216381238
865,72,1216381238
865,72,1216381238
865,72,1216381240
441,71,1216381295
856,75,1216381339
442,13,1216381381
443,13,1216381421
856,72,1216381451
875,69,1216381470
881,75,1216381519
900,13,1216381544
900,72,1216381546
442,71,1216381586
872,75,1216381632
894,75,1216381742
873,61,1216381827
764,13,1216381847
438,71,1216381923
872,69,1216381997
922,75,1216382077
902,61,1216382131
439,71,1216382173
443,71,1216382276
874,69,1216382288
901,75,1216382302
437,71,1216382332
901,61,1216382347
866,75,1216382449
686,75,1216382488
686,61,1216382532
915,69,1216382609
689,75,1216382701
688,75,1216382776
688,75,1216382810
690,61,1216382829
690,75,1216382876
438,74,1216383036
698,61,1216383046
696,75,1216383381
439,74,1216383579
439,74,1216383592
699,61,1216383728
699,75,1216383782
684,69,1216383795
441,74,1216383803
442,74,1216383927
443,74,1216383954
703,75,1216383957
692,69,1216384153
436,74,1216384173
697,61,1216384206
713,69,1216384279
436,74,1216384341
715,61,1216384442
440,74,1216384475
702,75,1216384509
431,74,1216384521
433,74,1216384553
434,74,1216384626
707,61,1216384725
435,74,1216384782
714,75,1216384811
717,75,1216384921
716,69,1216385035
437,74,1216385143
898,75,1216385171
432,74,1216385196
709,75,1216385317
694,74,1216385377
709,69,1216385461
718,75,1216385495
726,69,1216385531
727,74,1216385566
731,69,1216385618
432,75,1216385681
433,75,1216385711
728,74,1216385745
442,62,1216385762
435,62,1216385772
434,75,1216385796
432,62,1216385815
722,69,1216385885
721,74,1216385887
435,75,1216385900
432,62,1216385942
735,74,1216385950
431,62,1216385974
738,69,1216385985
436,75,1216385988
437,75,1216386023
438,75,1216386111
691,74,1216386121
436,62,1216386158
439,75,1216386192
742,74,1216386216
436,62,1216386245
708,69,1216386333
440,75,1216386371
708,74,1216386434
740,69,1216386449
441,75,1216386474
733,70,1216386527
442,75,1216386567
436,62,1216386648
732,74,1216386650
436,62,1216386681
754,70,1216386754
434,62,1216386871
745,70,1216387010
720,74,1216387076
437,62,1216387077
439,62,1216387116
751,74,1216387137
439,62,1216387158
758,70,1216387181
758,74,1216387215
762,74,1216387285
440,62,1216387395
759,70,1216387433
753,70,1216387507
719,74,1216387541
750,74,1216387590
768,70,1216387653
744,57,1216387662
764,74,1216387719
440,62,1216387781
778,74,1216387793
744,70,1216387812
720,70,1216387911
784,57,1216387990
770,74,1216388054
440,62,1216388061
438,70,1216388099
441,62,1216388103
737,74,1216388104
763,74,1216388125
441,62,1216388188
779,74,1216388192
439,70,1216388271
777,57,1216388338
775,74,1216388343
442,62,1216388402
782,70,1216388428
442,62,1216388456
783,57,1216388493
433,62,1216388535
760,70,1216388582
898,62,1216388621
806,57,1216388630
766,35,1216388658
898,62,1216388667
789,62,1216388744
772,35,1216388778
790,70,1216388779
798,57,1216388794
746,62,1216388888
774,74,1216388899
805,57,1216388952
797,74,1216388962
793,35,1216388970
744,66,1216388978
810,74,1216389028
816,74,1216389041
786,35,1216389059
774,70,1216389105
857,62,1216389109
822,57,1216389153
796,35,1216389209
784,62,1216389280
830,35,1216389280
799,70,1216389315
821,35,1216389360
810,66,1216389409
827,35,1216389424
826,70,1216389508
754,62,1216389519
801,66,1216389564
778,62,1216389664
807,66,1216389673
825,70,1216389743
821,57,1216389800
846,66,1216389816
787,74,1216389863
828,70,1216389888
436,70,1216389959
441,70,1216390010
848,74,1216390032
837,74,1216390046
845,74,1216390078
844,57,1216390086
832,74,1216390130
852,74,1216390195
861,74,1216390260
852,66,1216390274
874,13,1216390320
862,74,1216390432
865,74,1216390503
833,13,1216390539
862,66,1216390549
790,62,1216390577
867,13,1216390607
836,13,1216390798
836,13,1216390807
686,71,1216390953
866,13,1216391115
869,71,1216391188
857,13,1216391313
750,62,1216391353
824,13,1216391416
716,49,1216391831
881,72,1216391837
875,62,1216392008
871,49,1216392100
871,62,1216392129
831,71,1216392203
858,49,1216392531
896,49,1216392921
870,62,1216392924
899,49,1216393018
894,49,1216393210
898,13,1216393310
895,49,1216393507
853,13,1216393528
906,13,1216393637
873,13,1216393806
906,49,1216394014
885,13,1216394026
721,61,1216396113
443,37,1216398591
442,37,1216398784
902,37,1216399494
884,37,1216399612
915,62,1216400086
922,37,1216400120
908,37,1216400516
911,37,1216400654
855,37,1216400824
439,37,1216401132
438,37,1216401269
437,37,1216401285
442,37,1216401362
440,37,1216401401
689,50,1216401497
684,37,1216401510
434,37,1216401641
435,37,1216401680
435,37,1216401693
432,37,1216401704
685,50,1216401705
432,37,1216401708
684,62,1216401832
913,37,1216401903
694,50,1216401913
904,37,1216402037
698,37,1216402094
919,57,1216402144
913,62,1216402185
695,57,1216402255
688,57,1216402341
688,62,1216402421
709,32,1216402667
692,37,1216402815
737,32,1216402884
771,32,1216402928
712,37,1216402978
691,37,1216403217
702,62,1216403258
715,50,1216403544
714,32,1216403563
693,62,1216403609
702,37,1216403641
707,50,1216403661
714,37,1216403949
697,32,1216404088
703,37,1216404092
718,32,1216404276
717,10,1216404343
727,32,1216404429
697,62,1216404433
725,37,1216404522
728,32,1216404648
728,10,1216404655
722,37,1216404717
723,37,1216404767
732,10,1216404833
733,32,1216404852
735,37,1216404861
742,32,1216404908
742,32,1216404919
713,10,1216404948
736,37,1216404957
746,32,1216404969
746,32,1216404983
726,37,1216405006
743,32,1216405041
743,32,1216405049
755,32,1216405112
755,32,1216405118
755,32,1216405124
743,10,1216405158
738,32,1216405182
738,32,1216405194
750,37,1216405288
759,32,1216405317
753,37,1216405377
760,32,1216405424
740,32,1216405502
738,10,1216405511
751,37,1216405519
751,32,1216405575
763,10,1216405582
763,32,1216405618
751,10,1216405659
751,66,1216405715
701,10,1216405740
766,32,1216405759
769,32,1216405794
769,10,1216405802
701,32,1216405845
710,32,1216405883
710,10,1216405906
770,32,1216405956
770,10,1216405981
777,32,1216406051
777,10,1216406273
811,32,1216406302
811,10,1216406340
812,32,1216406358
813,32,1216406370
812,10,1216406398
801,10,1216406518
808,32,1216406520
801,32,1216406560
802,10,1216406573
802,32,1216406607
803,10,1216406641
772,66,1216406669
804,10,1216406675
803,32,1216406684
804,32,1216406723
805,10,1216406789
745,10,1216406832
806,10,1216406930
768,10,1216406988
762,66,1216407040
762,10,1216407058
779,10,1216407187
780,10,1216407291
731,10,1216407440
782,10,1216407540
783,10,1216407578
720,10,1216407609
699,10,1216407725
698,10,1216407784
775,68,1216407894
684,10,1216408014
685,10,1216408055
686,10,1216408105
784,68,1216408122
687,10,1216408184
786,68,1216408288
688,10,1216408305
688,10,1216408319
693,10,1216408422
778,68,1216408881
438,34,1216409084
439,34,1216409184
788,68,1216409286
764,34,1216409450
787,34,1216409882
737,34,1216410009
696,34,1216410601
797,34,1216410683
719,34,1216410913
792,34,1216410949
796,34,1216411050
816,34,1216411264
793,34,1216411303
754,34,1216411552
855,71,1216411615
440,34,1216411658
822,71,1216411992
791,71,1216412148
825,71,1216412305
827,71,1216413150
790,71,1216413590
830,71,1216414330
799,13,1216414449
824,71,1216414460
834,13,1216414536
820,13,1216414644
831,13,1216414789
837,13,1216414895
807,13,1216414960
828,13,1216415075
443,76,1216415686
431,76,1216415976
433,76,1216416038
434,76,1216416123
435,76,1216416198
436,76,1216416287
437,76,1216416387
438,76,1216416461
439,76,1216416580
440,76,1216416914
836,71,1216416976
441,76,1216417035
844,71,1216417136
442,76,1216417255
442,76,1216417310
432,76,1216417350
815,76,1216417700
840,76,1216417828
846,71,1216417905
850,71,1216417943
845,76,1216417978
443,77,1216418149
832,76,1216418169
431,77,1216418279
838,76,1216418289
433,77,1216418380
833,71,1216418418
857,71,1216418764
434,77,1216418970
435,77,1216419161
435,77,1216419191
861,76,1216419268
436,77,1216419324
863,71,1216419402
865,76,1216419417
437,77,1216419491
434,12,1216419516
869,76,1216419533
438,77,1216419674
439,77,1216419727
440,77,1216419801
441,77,1216419842
853,76,1216419843
442,77,1216419888
432,77,1216419906
848,76,1216420015
438,12,1216420039
856,71,1216420294
856,77,1216420303
443,12,1216420387
867,77,1216420475
873,71,1216420591
873,12,1216420693
866,71,1216421038
866,76,1216421126
858,71,1216421182
870,12,1216421237
881,77,1216421280
826,76,1216421339
872,71,1216421356
895,77,1216421543
798,12,1216421678
899,12,1216421732
898,71,1216421734
884,77,1216421806
898,76,1216421895
901,12,1216421910
900,76,1216421935
885,76,1216422066
894,50,1216422211
875,12,1216422281
902,50,1216422290
910,50,1216422322
896,50,1216422401
917,12,1216422490
915,12,1216422707
919,77,1216422715
690,50,1216422808
911,77,1216422903
911,50,1216422909
695,50,1216422981
691,12,1216423011
706,50,1216423100
922,12,1216423170
689,77,1216423309
922,71,1216423368
903,12,1216423409
904,71,1216423414
707,77,1216423503
703,71,1216423683
708,12,1216423745
703,77,1216423790
694,12,1216423941
712,77,1216424035
908,76,1216424088
715,76,1216424294
874,12,1216424303
713,76,1216424502
709,12,1216424648
717,76,1216424679
721,76,1216424913
725,76,1216425023
726,76,1216425071
722,76,1216425311
729,76,1216425409
718,76,1216425515
716,77,1216425622
730,77,1216425762
727,77,1216425974
723,77,1216426260
734,77,1216426390
714,77,1216427425
737,77,1216427770
740,77,1216427866
742,77,1216427942
746,77,1216428040
745,77,1216428199
749,77,1216428336
748,77,1216428476
731,77,1216428797
881,77,1216428936
753,10,1216429238
736,34,1216438283
735,34,1216438345
760,34,1216438470
750,34,1216438674
757,34,1216438738
431,78,1216493217
433,78,1216493582
435,78,1216493937
436,78,1216494142
437,78,1216494230
439,78,1216494537
440,78,1216495000
441,78,1216495455
442,78,1216495716
443,78,1216495749
759,78,1216497223
758,78,1216497479
696,78,1216499017
733,78,1216499691
768,78,1216500029
732,78,1216501635
772,78,1216501805
766,78,1216502040
774,78,1216502811
692,78,1216504085
779,78,1216504788
720,78,1216505131
767,78,1216505154
784,78,1216505430
782,78,1216505501
786,78,1216505782
780,78,1216505972
755,78,1216506080
787,78,1216506434
778,78,1216506781
783,78,1216506879
792,78,1216506974
791,78,1216507208
793,78,1216507290
789,78,1216507773
797,78,1216507995
790,78,1216508414
924,2,1234966461
925,2,1234966461
926,2,1234966461
927,2,1234966461
928,2,1234966461
929,2,1234966461
930,2,1234966461
931,2,1234966461
932,2,1234966461
933,2,1234966461
934,2,1234966461
935,2,1234966461
936,2,1234966461
937,2,1234966461
938,2,1234966461
939,2,1234966461
940,2,1234966461
941,2,1234966461
942,2,1234966461
943,2,1234966461
944,2,1234966461
945,2,1234966461
946,2,1234966461
947,2,1234966461
948,2,1234966461
949,2,1234966461
950,2,1234966461
951,2,1234966461
952,2,1234966461
953,2,1234966461
954,2,1234966461
955,2,1234966461
956,2,1234966461
957,2,1234966461
958,2,1234966461
959,2,1234966461
960,2,1234966461
961,2,1234966461
962,2,1234966461
963,2,1234966461
964,2,1234966461
965,2,1234966461
966,2,1234966461
967,2,1234966461
968,2,1234966461
969,2,1234966461
970,2,1234966461
971,2,1234966461
972,2,1234966461
973,2,1234966461
974,2,1234966461
975,2,1234966461
976,2,1234966461
977,2,1234966461
978,2,1234966461
979,2,1234966461
980,2,1234966461
981,2,1234966461
982,2,1234966461
983,2,1234966461
984,2,1234966461
985,2,1234966461
986,2,1234966461
987,2,1234966461
988,2,1234966461
989,2,1234966461
990,2,1234966461
991,2,1234966461
992,2,1234966461
993,2,1234966461
994,2,1234966461
995,2,1234966461
996,2,1234966461
997,2,1234966461
998,2,1234966461
999,2,1234966461
1000,2,1234966461
1001,2,1234966461
1002,2,1234966461
1003,2,1234966461
1004,2,1234966461
1005,2,1234966461
1006,2,1234966461
1007,2,1234966461
1008,2,1234966461
1009,2,1234966461
1010,2,1234966461
1011,2,1234966461
1012,2,1234966461
1013,2,1234966461
1014,2,1234966461
1015,2,1234966461
1016,2,1234966461
1017,2,1234966461
1018,2,1234966461
1019,2,1234966461
1020,2,1234966461
1021,2,1234966461
1022,2,1234966461
1023,2,1234966461
1024,2,1234966461
1025,2,1234966461
1026,2,1234966461
1027,2,1234966461
1028,2,1234966461
1029,2,1234966461
1030,2,1234966461
1031,2,1234966461
1032,2,1234966461
1033,2,1234966461
1034,2,1234966461
1035,2,1234966461
1036,2,1234966461
1037,2,1234966461
1038,2,1234966461
1039,2,1234966461
1040,2,1234966461
1041,2,1234966461
1042,2,1234966461
1043,2,1234966461
1044,2,1234966461
1045,2,1234966461
1046,2,1234966461
1047,2,1234966461
1048,2,1234966461
1049,2,1234966461
1050,2,1234966461
1051,2,1234966461
1052,2,1234966461
1053,2,1234966461
1054,2,1234966461
1055,2,1234966461
1056,2,1234966461
1057,2,1234966461
1058,2,1238110260
1059,2,1238110260
1060,2,1238110260
1061,2,1238110260
1062,2,1238110260
1063,2,1238110260
1064,2,1238110260
1065,2,1238110260
1066,2,1238110260
1067,2,1238110260
1068,2,1238110260
1069,2,1238110260
1070,2,1238110260
1071,2,1238110260
1072,2,1238110260
1073,2,1238110260
1074,2,1238110260
1075,2,1238110260
1076,2,1238110260
1077,2,1238110260
1078,2,1238110260
1079,2,1238110260
1080,2,1238110260
1081,2,1238110260
1082,2,1238110260
1083,2,1238110260
1084,2,1238110260
1085,2,1238110260
1086,2,1238110260
1087,2,1238110260
1088,2,1238110260
1089,2,1238110260
1090,2,1238110260
1091,2,1238110260
1092,2,1238110260
1093,2,1238110260
1094,2,1238110260
1095,2,1238110260
1096,2,1238110260
432,1,1238334995
