pageid,average_rating,average_tag,average_weighted_rating,average_weighted_tag,diversity_rating,diversity_tag,num_neg_bias,num_pos_bias,raw_page_domnodes,raw_page_userids,raw_tag_1,raw_tag_2,raw_tag_3,raw_tag_none,raw_tag_null,raw_tag_undefined,sum_bias,sum_chars,sum_chars_neg_bias,sum_chars_pos_bias,sum_difficulty,sum_neg_bias,sum_pos_bias,sum_weighted_bias,sum_weighted_difficulty,sum_weighted_neg_bias,sum_weighted_pos_bias,tag_by_average_rating,tag_by_average_tag,tag_by_weighthed_average_rating,tag_by_weighthed_average_tag,withmerge_page_domnodes,withmerge_page_userids,withmerge_tag_1,withmerge_tag_2,withmerge_tag_3,withmerge_tag_none
684,1.4375,1.42424242424,2.07621216684,2.19575365156,37.5,50.0,54,22,198,8,1122,231,231,none,none,none,-2.625,6641,1214,2763,19.625,-11.125,8.5,793.875,1237.125,-221.625,1015.5,1.0,1.0,2.0,2.0,198,8,1122,231,231,none
685,1.5573089701,1.72093023256,2.21236114394,2.56889624202,19.0,25.0,1,36,86,8,449,94,144,1,none,none,14.0714285714,4231,168,3228,14.9285714286,-0.428571428571,14.5,1508.5,1652.5,-72.0,1580.5,2.0,2.0,2.0,3.0,86,8,449,94,144,1
686,2.03742937853,2.13559322034,2.36524497255,2.48152441675,10.4166666667,7.0,5,48,59,9,198,112,216,5,none,none,5.79166666667,6901,344,4535,9.54166666667,-1.875,7.66666666667,802.444444444,1060.44444444,-129.0,931.444444444,2.0,2.0,2.0,2.0,59,9,198,112,216,5
687,1.44575163399,1.38823529412,2.16260366544,2.00287336663,6.44444444444,15.0,31,7,85,9,572,45,148,none,none,none,-4.88888888889,14617,12609,1140,9.77777777778,-7.33333333333,2.44444444444,-2334.77777778,3286.11111111,-2810.44444444,475.666666667,1.0,1.0,2.0,2.0,85,9,572,45,148,none
688,2.19047619048,2.22222222222,2.8685764699,2.87581661223,5.75,5.0,0,5,63,8,190,28,286,none,none,none,2.0,17144,0,281,2.0,0,2.0,124.125,124.125,0,124.125,2.0,2.0,3.0,3.0,63,8,190,28,286,none
689,1.31414868106,1.25419664269,2.30260652532,2.32853025937,67.625,73.0,272,47,417,8,2570,484,282,none,none,none,-25.0,19432,4946,4557,51.25,-38.125,13.125,503.75,2073.25,-784.75,1288.5,1.0,1.0,2.0,2.0,417,8,2570,484,282,none
691,1.37525252525,1.37373737374,2.14141048825,2.12534933421,71.4,73.0,100,71,402,6,1808,293,275,none,6,30,-0.6,12166,1863,1444,47.4,-24.0,23.4,-195.4,1046.6,-621.0,425.6,1.0,1.0,2.0,2.0,396,5,1469,279,232,none
692,1.99289600967,2.24546553809,2.06664061513,2.34514336238,70.0,105.0,104,529,827,8,3159,345,3112,none,none,none,208.875,31668,1305,20902,253.375,-22.25,231.125,8819.625,9279.125,-229.75,9049.375,2.0,2.0,2.0,2.0,827,8,3159,345,3112,none
693,1.7635359116,1.93370165746,1.79385286299,1.98745482243,15.0,30.0,18,337,362,5,1104,30,676,none,none,none,61.6,33479,373,33028,73.2,-5.8,67.4,6481.6,6729.6,-124.0,6605.6,2.0,2.0,2.0,2.0,362,5,1104,30,676,none
694,1.6337223008,1.66831683168,2.46789875624,2.48497274591,56.8571428571,59.0,50,168,404,7,1827,175,807,19,none,none,13.9761904762,19997,803,3353,38.5476190476,-12.2857142857,26.2619047619,341.428571429,723.714285714,-191.142857143,532.571428571,2.0,2.0,2.0,2.0,404,7,1827,175,807,19
695,2.09415584416,2.06818181818,2.74867524603,2.72142316427,14.7142857143,15.0,5,3,44,7,113,53,142,none,none,none,-1.14285714286,5284,440,88,2.85714285714,-2.0,0.857142857143,-144.0,204.0,-174.0,30.0,2.0,2.0,3.0,3.0,44,7,113,53,142,none
696,2.15415306493,2.04678998912,2.30645611099,2.21846893955,114.666666667,129.0,359,42,919,6,2181,302,3030,1,none,none,-98.6666666667,38248,12634,1535,129.333333333,-114.0,15.3333333333,-3365.33333333,4483.33333333,-3924.33333333,559.0,2.0,2.0,2.0,2.0,919,6,2181,302,3030,1
697,1.88905457799,1.84864300626,2.62037309953,2.62718985632,74.1428571429,75.0,386,79,958,7,3363,724,2618,1,none,none,-38.7142857143,26657,3791,3161,76.4285714286,-57.5714285714,18.8571428571,181.714285714,1451.14285714,-634.714285714,816.428571429,2.0,2.0,3.0,3.0,958,7,3363,724,2618,1
698,1.74903846154,1.82307692308,2.70227584107,2.7568123002,20.5,5.0,0,26,130,8,592,117,331,none,none,none,9.625,13138,0,1926,9.625,0,9.625,716.5,716.5,0,716.5,2.0,2.0,3.0,3.0,130,8,592,117,331,none
699,1.16853360489,1.12627291242,1.86440527966,1.88732679276,22.0,9.0,168,35,491,8,3340,514,74,none,none,none,-20.75,19774,2522,3788,45.25,-33.0,12.25,453.25,1509.25,-528.0,981.25,1.0,1.0,2.0,2.0,491,8,3340,514,74,none
701,2.38098434004,2.34228187919,2.93627921119,2.93303362002,13.2555555556,19.0,32,18,149,10,371,179,928,12,none,none,-5.76666666667,25580,452,218,13.6333333333,-9.7,3.93333333333,-83.0222222222,168.977777778,-126.0,42.9777777778,2.0,2.0,3.0,3.0,149,10,371,179,928,12
702,2.15667189953,2.16703296703,2.29323661566,2.2839270506,98.7142857143,73.0,130,143,910,7,2584,204,3582,none,none,none,9.42857142857,34051,3718,2838,77.4285714286,-34.0,43.4285714286,-317.0,1997.85714286,-1157.42857143,840.428571429,2.0,2.0,2.0,2.0,910,7,2584,204,3582,none
703,1.40707964602,1.33185840708,1.89004674718,1.91045689799,21.875,35.0,169,51,226,8,1272,336,200,none,none,none,-17.0,17969,3230,3426,56.75,-36.875,19.875,366.75,2017.0,-825.125,1191.875,1.0,1.0,2.0,2.0,226,8,1272,336,200,none
706,1.04046997389,1.0365535248,1.25587031452,1.2664081574,11.75,11.0,20,4,383,8,2978,48,38,none,none,none,-1.5,6963,215,235,4.5,-3.0,1.5,73.375,150.375,-38.5,111.875,1.0,1.0,1.0,1.0,383,8,2978,48,38,none
707,1.43323863636,1.48863636364,2.66523275607,2.71232978094,24.5,23.0,13,22,88,8,517,69,118,none,none,none,4.875,13512,370,1724,9.625,-2.375,7.25,636.375,785.125,-74.375,710.75,1.0,1.0,3.0,3.0,88,8,517,69,118,none
709,1.47910447761,1.45149253731,2.2980613122,2.29710629357,85.2666666667,81.0,47,34,268,6,1142,132,318,16,none,none,-7.4,10471,771,1150,20.4666666667,-13.9333333333,6.53333333333,-10.0,482.933333333,-246.466666667,236.466666667,1.0,1.0,2.0,2.0,268,6,1142,132,318,16
710,2.19201725998,2.1067961165,2.65320941865,2.63588694206,12.5555555556,13.0,40,4,103,9,300,149,478,none,none,none,-8.77777777778,7819,640,22,11.6666666667,-10.2222222222,1.44444444444,-135.444444444,153.0,-144.222222222,8.77777777778,2.0,2.0,3.0,3.0,103,9,300,149,478,none
712,1.62378640777,1.82524271845,2.2813442623,2.44380327869,11.125,11.0,28,59,103,8,426,282,116,none,none,none,20.75,7625,493,3622,32.75,-6.0,26.75,1238.75,1497.25,-129.25,1368.0,2.0,2.0,2.0,2.0,103,8,426,282,116,none
713,1.42881944444,1.36111111111,2.26785184086,2.42443586698,42.875,55.0,68,21,144,8,833,144,175,none,none,none,-9.75,6736,1468,3182,26.25,-18.0,8.25,1054.75,1800.75,-373.0,1427.75,1.0,1.0,2.0,2.0,144,8,833,144,175,none
716,2.3186597716,2.34027149321,2.66187722765,2.65405625291,264.428571429,251.0,228,398,1105,7,2310,650,4774,1,none,none,23.880952381,34416,5023,4897,155.595238095,-65.8571428571,89.7380952381,-269.166666667,2600.83333333,-1435.0,1165.83333333,2.0,2.0,3.0,3.0,1105,7,2310,650,4774,1
717,1.41838487973,1.37457044674,2.26368025751,2.23790143555,28.25,26.0,88,19,291,8,1734,214,380,none,none,none,-12.75,13514,2300,781,21.25,-17.0,4.25,-348.375,635.125,-491.75,143.375,1.0,1.0,2.0,2.0,291,8,1734,214,380,none
718,1.96783349101,2.0,2.4817579822,2.54325361677,52.7142857143,57.0,24,56,151,7,452,187,418,none,none,none,4.85714285714,10161,1115,4069,23.4285714286,-9.28571428571,14.1428571429,624.857142857,1518.85714286,-447.0,1071.85714286,2.0,2.0,2.0,3.0,151,7,452,187,418,none
719,1.46488011283,1.4485190409,2.02868426402,2.0277318001,69.4,71.0,119,59,709,5,2680,82,783,none,none,none,-11.6,34437,4888,4126,47.6,-29.6,18.0,-32.8,2744.8,-1388.8,1356.0,1.0,1.0,2.0,2.0,709,5,2680,82,783,none
721,2.11143410853,2.18604651163,2.73072869422,2.74054684463,46.3333333333,47.0,23,49,172,6,336,245,451,none,none,none,12.8333333333,38585,549,1474,21.8333333333,-4.5,17.3333333333,378.833333333,607.5,-114.333333333,493.166666667,2.0,2.0,3.0,3.0,172,6,336,245,451,none
722,1.66111342496,1.6472303207,2.57901398674,2.58433103623,109.523809524,107.0,38,16,343,7,1515,50,766,70,none,none,-4.7619047619,31489,767,1761,13.0,-8.88095238095,4.11904761905,167.428571429,517.19047619,-174.880952381,342.30952381,2.0,2.0,3.0,3.0,343,7,1515,50,766,70
723,1.00268096515,1.00268096515,1.00219094969,1.00219094969,1.0,1.0,0,0,373,8,2976,8,none,none,none,none,0.0,11867,0,0,0.0,0,0,0.0,0.0,0,0,1.0,1.0,1.0,1.0,373,8,2976,8,none,none
724,1.30283224401,1.24509803922,2.14790895261,2.12374063549,10.5555555556,11.0,31,2,102,9,757,44,117,none,none,none,-5.88888888889,3871,696,237,7.22222222222,-6.55555555556,0.666666666667,-93.5555555556,221.555555556,-157.555555556,64.0,1.0,1.0,2.0,2.0,102,9,757,44,117,none
725,1.02575107296,1.01287553648,1.24102096627,1.22989972653,9.0,3.0,12,0,233,8,1824,32,8,none,none,none,-3.0,5485,244,0,3.0,-3.0,0,-61.0,61.0,-61.0,0,1.0,1.0,1.0,1.0,233,8,1824,32,8,none
726,1.98168498168,1.97435897436,2.65544652366,2.64643237487,7.28571428571,7.0,4,3,39,7,131,16,126,none,none,none,-0.285714285714,3756,334,519,1.71428571429,-1.0,0.714285714286,-33.8571428571,189.0,-111.428571429,77.5714285714,2.0,2.0,3.0,3.0,39,7,131,16,126,none
727,1.12891986063,1.07317073171,1.58857870539,1.56419310025,25.8571428571,15.0,72,2,246,7,1545,132,45,none,none,none,-13.7142857143,17276,3039,658,14.8571428571,-14.2857142857,0.571428571429,-421.285714286,797.285714286,-609.285714286,188.0,1.0,1.0,2.0,2.0,246,7,1545,132,45,none
728,1.25725163162,1.10279187817,1.64487614917,1.56369550066,37.8571428571,22.0,603,20,788,7,4360,893,263,none,none,none,-121.714285714,25826,10498,611,130.857142857,-126.285714286,4.57142857143,-2096.57142857,2340.85714286,-2218.71428571,122.142857143,1.0,1.0,2.0,2.0,788,7,4360,893,263,none
729,1.08889751553,1.07142857143,1.6862044598,1.6198178392,15.5,13.0,26,2,322,8,2446,31,99,none,none,none,-5.625,6368,1715,43,6.875,-6.25,0.625,-422.75,455.25,-439.0,16.25,1.0,1.0,2.0,2.0,322,8,2446,31,99,none
730,1.81967213115,1.84426229508,2.72753139717,2.74747701278,21.375,17.0,18,27,122,8,522,108,346,none,none,none,3.0,8918,199,1163,7.5,-2.25,5.25,177.875,227.625,-24.875,202.75,2.0,2.0,3.0,3.0,122,8,522,108,346,none
731,1.01144688645,1.0016025641,1.01984011929,1.00533487968,9.28571428571,1.0,36,0,624,7,4319,48,1,none,none,none,-6.14285714286,17245,1434,0,6.14285714286,-6.14285714286,0,-250.142857143,250.142857143,-250.142857143,0,1.0,1.0,1.0,1.0,624,7,4319,48,1,none
732,1.91871398241,1.90127388535,2.51829905855,2.6333203917,159.619047619,202.0,138,101,314,7,981,392,805,20,none,none,-5.47619047619,23181,4077,12059,74.1428571429,-39.8095238095,34.3333333333,2666.30952381,5097.11904762,-1215.4047619,3881.71428571,2.0,2.0,3.0,3.0,314,7,981,392,805,20
733,1.25744047619,1.26041666667,1.70713876147,1.74885321101,62.7142857143,77.0,40,30,192,7,1078,186,80,none,none,none,0.571428571429,6976,2007,2389,17.7142857143,-8.57142857143,9.14285714286,291.0,1129.28571429,-419.142857143,710.142857143,1.0,1.0,2.0,2.0,192,7,1078,186,80,none
734,1.29801324503,1.27814569536,2.16449824153,2.15299803655,34.1428571429,29.0,16,8,151,7,884,31,142,none,none,none,-3.0,6621,544,301,6.71428571429,-4.85714285714,1.85714285714,-76.1428571429,213.0,-144.571428571,68.4285714286,1.0,1.0,2.0,2.0,151,7,884,31,142,none
735,1.14922600619,1.14551083591,2.09826026444,2.09422407794,21.8,23.0,5,0,323,5,1465,59,91,none,none,none,-1.2,7185,102,0,1.2,-1.2,0,-29.0,29.0,-29.0,0,1.0,1.0,2.0,2.0,323,5,1465,59,91,none
736,1.22820037106,1.16233766234,1.55052653973,1.44769173492,24.2857142857,19.0,72,8,154,7,903,104,71,none,none,none,-10.1428571429,5372,2725,194,15.5714285714,-12.8571428571,2.71428571429,-552.428571429,680.428571429,-616.428571429,64.0,1.0,1.0,2.0,1.0,154,7,903,104,71,none
737,1.31453744493,1.28193832599,1.85139584825,1.86886184681,51.4,51.0,51,26,230,6,1134,59,169,none,3,15,-7.4,6985,2228,2103,24.2,-15.8,8.4,122.0,1332.4,-605.2,727.2,1.0,1.0,2.0,2.0,227,5,936,41,158,none
738,2.24177631579,2.22368421053,2.93591304348,2.93868322981,42.0,41.0,10,3,76,8,144,173,291,none,none,none,-1.375,20125,53,206,3.375,-2.375,1.0,55.75,77.5,-10.875,66.625,2.0,2.0,3.0,3.0,76,8,144,173,291,none
739,2.01315789474,2.0,2.90783605861,2.91059672967,6.58333333333,7.0,5,4,19,12,83,59,86,none,none,none,-0.25,4709,58,179,1.58333333333,-0.916666666667,0.666666666667,13.0,38.0,-12.5,25.5,2.0,2.0,3.0,3.0,19,12,83,59,86,none
740,1.09880952381,1.11111111111,1.63852585047,1.71401114741,19.125,19.0,17,18,315,8,2368,55,97,none,none,none,3.875,5203,392,1140,9.875,-3.0,6.875,392.75,592.75,-100.0,492.75,1.0,1.0,2.0,2.0,315,8,2368,55,97,none
741,2.59926470588,2.58823529412,2.89500755794,2.90947262345,8.5,9.0,5,8,34,8,33,43,196,none,none,none,-0.375,5954,203,1099,2.625,-1.5,1.125,86.125,209.875,-61.875,148.0,3.0,3.0,3.0,3.0,34,8,33,43,196,none
742,2.2972972973,2.27027027027,2.87183735087,2.86735744184,13.8571428571,15.0,10,4,37,7,55,72,132,none,none,none,-1.0,14573,707,236,2.71428571429,-1.85714285714,0.857142857143,-65.2857142857,160.428571429,-112.857142857,47.5714285714,2.0,2.0,3.0,3.0,37,7,55,72,132,none
743,1.9375,1.97727272727,2.72209171519,2.74086818422,32.5,25.0,14,26,88,8,309,130,265,none,none,none,3.5,7556,399,820,9.75,-3.125,6.625,141.875,297.125,-77.625,219.5,2.0,2.0,3.0,3.0,88,8,309,130,265,none
744,1.63043478261,1.59782608696,2.59128657212,2.57327200715,46.8571428571,61.0,17,10,92,7,432,18,194,none,none,none,-3.0,7827,581,99,9.0,-6.0,3.0,-141.0,204.142857143,-172.571428571,31.5714285714,2.0,2.0,3.0,3.0,92,7,432,18,194,none
745,1.16375545852,1.02183406114,1.31126991565,1.19025304592,3.0,1.0,224,0,229,8,1537,290,5,none,none,none,-32.5,4268,3456,0,32.5,-32.5,0,-516.5,516.5,-516.5,0,1.0,1.0,1.0,1.0,229,8,1537,290,5,none
747,2.80654761905,2.80952380952,2.98240393065,2.98418151314,6.125,6.0,5,7,84,8,47,36,589,none,none,none,0.25,25034,132,289,2.25,-1.0,1.25,44.5,93.75,-24.625,69.125,3.0,3.0,3.0,3.0,84,8,47,36,589,none
748,1.39273648649,1.44594594595,1.77898336778,1.80877866352,10.0,19.0,94,94,296,8,1587,632,149,none,none,none,15.75,10161,1313,1637,76.0,-30.125,45.875,302.75,1140.0,-418.625,721.375,1.0,1.0,2.0,2.0,296,8,1587,632,149,none
749,2.4329004329,2.45454545455,2.90663456394,2.92602996255,6.42857142857,5.0,1,6,33,7,56,19,156,none,none,none,0.714285714286,3204,18,387,1.57142857143,-0.428571428571,1.14285714286,62.1428571429,77.5714285714,-7.71428571429,69.8571428571,2.0,2.0,3.0,3.0,33,7,56,19,156,none
750,1.20632911392,1.16772151899,1.43513844101,1.42966751918,60.6,49.0,71,31,316,5,1362,110,108,none,none,none,-12.2,8993,2122,1892,30.2,-21.2,9.0,-49.2,1136.8,-593.0,543.8,1.0,1.0,1.0,1.0,316,5,1362,110,108,none
751,1.16025641026,1.13461538462,2.88063100242,2.87790941297,7.44444444444,7.0,17,1,104,9,840,42,54,none,none,none,-2.66666666667,26251,443,16,3.33333333333,-3.0,0.333333333333,-71.4444444444,82.1111111111,-76.7777777778,5.33333333333,1.0,1.0,3.0,3.0,104,9,840,42,54,none
752,2.44303797468,2.44303797468,2.89890928438,2.9028717044,8.57142857143,9.0,5,3,79,7,133,42,378,none,none,none,0.0,20406,291,335,1.42857142857,-0.714285714286,0.714285714286,80.8571428571,164.0,-41.5714285714,122.428571429,2.0,2.0,3.0,3.0,79,7,133,42,378,none
753,1.01632653061,1.02040816327,1.10040030731,1.09934899519,2.71428571429,3.0,1,3,245,7,1694,14,7,none,none,none,1.0,3533,100,58,1.57142857143,-0.285714285714,1.28571428571,-3.71428571429,53.4285714286,-28.5714285714,24.8571428571,1.0,1.0,1.0,1.0,245,7,1694,14,7,none
754,1.87372013652,1.78156996587,2.32561941894,2.28675638284,94.1666666667,107.0,179,71,293,6,819,342,597,none,none,none,-27.0,23853,11847,9966,71.3333333333,-49.1666666667,22.1666666667,-927.0,6411.33333333,-3669.16666667,2742.16666667,2.0,2.0,2.0,2.0,293,6,819,342,597,none
755,1.9681372549,1.88235294118,2.77377498388,2.75572211476,12.75,13.0,41,4,102,8,389,64,363,none,none,none,-8.75,12408,964,61,11.5,-10.125,1.375,-224.0,254.0,-239.0,15.0,2.0,2.0,3.0,3.0,102,8,389,64,363,none
756,2.0087893864,1.96268656716,2.9140570527,2.91190167188,7.34444444444,7.0,36,5,134,11,602,95,627,17,none,133,-6.17777777778,26198,464,155,9.37777777778,-7.77777777778,1.6,-56.4666666667,155.666666667,-106.066666667,49.6,2.0,2.0,3.0,3.0,134,10,602,94,627,17
757,2.1149825784,2.14634146341,2.43069181594,2.44949047408,17.8571428571,19.0,7,14,41,7,98,58,131,none,none,none,1.28571428571,4514,169,478,5.28571428571,-2.0,3.28571428571,84.8571428571,177.428571429,-46.2857142857,131.142857143,2.0,2.0,2.0,2.0,41,7,98,58,131,none
758,1.46635182999,1.42975206612,2.66247411505,2.65745695107,33.1428571429,37.0,28,6,121,7,598,103,146,none,none,none,-4.42857142857,10279,1130,733,7.85714285714,-6.14285714286,1.71428571429,-51.5714285714,463.857142857,-257.714285714,206.142857143,1.0,1.0,3.0,3.0,121,7,598,103,146,none
760,1.73214285714,1.71052631579,2.58500467256,2.58126662354,24.4285714286,25.0,70,29,152,7,621,107,336,none,none,none,-3.28571428571,13911,1195,513,20.1428571429,-11.7142857143,8.42857142857,-52.0,353.142857143,-202.571428571,150.571428571,2.0,2.0,3.0,3.0,152,7,621,107,336,none
762,1.20342664093,1.01182432432,1.20010126859,1.08631094932,13.0,7.0,280,5,592,7,3320,805,19,none,none,none,-113.428571429,10439,3420,695,115.714285714,-114.571428571,1.14285714286,-1187.85714286,1564.42857143,-1376.14285714,188.285714286,1.0,1.0,1.0,1.0,592,7,3320,805,19,none
763,1.41714285714,1.34666666667,2.52304871661,2.50654793085,8.42857142857,7.0,24,5,75,7,391,49,85,none,none,none,-5.28571428571,3818,413,197,7.85714285714,-6.57142857143,1.28571428571,-63.0,163.857142857,-113.428571429,50.4285714286,1.0,1.0,3.0,3.0,75,7,391,49,85,none
764,1.10739299611,1.09727626459,1.46380705908,1.46462199218,77.0,87.0,90,36,771,5,3597,102,156,none,none,none,-7.8,18161,4553,2928,33.0,-20.4,12.6,14.8,2165.6,-1075.4,1090.2,1.0,1.0,1.0,1.0,771,5,3597,102,156,none
765,2.3,2.25,2.92507844889,2.9196271101,4.45454545455,5.0,7,2,20,11,57,40,123,none,none,none,-1.0,3969,146,37,1.90909090909,-1.45454545455,0.454545454545,-21.6363636364,36.7272727273,-29.1818181818,7.54545454545,2.0,2.0,3.0,3.0,20,11,57,40,123,none
766,2.35113268608,2.47572815534,2.96512056282,2.97286890798,63.3333333333,47.0,3,28,103,6,160,81,377,none,none,none,12.8333333333,28049,55,513,14.1666666667,-0.666666666667,13.5,217.333333333,238.666666667,-10.6666666667,228.0,2.0,2.0,3.0,3.0,103,6,160,81,377,none
767,2.8125,2.8,2.9964953271,2.99626168224,1.0,1.0,1,0,10,8,none,15,65,none,none,none,-0.125,4280,8,0,0.125,-0.125,0,-1.0,1.0,-1.0,0,3.0,3.0,3.0,3.0,10,8,none,15,65,none
768,2.125,2.21739130435,2.57891275756,2.72424375274,11.0,11.0,18,25,46,8,124,74,170,none,none,none,4.25,4562,732,3186,12.0,-3.875,8.125,663.0,948.75,-142.875,805.875,2.0,2.0,3.0,3.0,46,8,124,74,170,none
769,2.77443609023,2.78947368421,2.97429163276,2.98433454169,2.42857142857,3.0,1,2,19,7,7,16,110,none,none,none,0.285714285714,7724,24,215,0.857142857143,-0.285714285714,0.571428571429,77.5714285714,91.2857142857,-6.85714285714,84.4285714286,3.0,3.0,3.0,3.0,19,7,7,16,110,none
770,1.26837060703,1.18530351438,2.2103455726,2.19453952082,13.8571428571,14.0,173,6,313,7,1781,232,178,none,none,none,-26.0,12563,1439,132,30.5714285714,-28.2857142857,2.28571428571,-198.571428571,292.285714286,-245.428571429,46.8571428571,1.0,1.0,2.0,2.0,313,7,1781,232,178,none
771,1.21802552748,1.25787965616,1.4759412491,1.55888911413,12.6363636364,13.0,15,46,351,12,3696,141,351,none,2,22,13.9090909091,4933,231,1407,17.9090909091,-2.0,15.9090909091,409.181818182,528.272727273,-59.5454545455,468.727272727,1.0,1.0,1.0,2.0,349,11,3352,137,350,none
772,1.88657407407,1.83333333333,2.55830972616,2.63267233239,17.5,21.0,24,10,54,8,193,95,144,none,none,none,-2.875,3177,408,872,9.625,-6.25,3.375,236.25,444.75,-104.25,340.5,2.0,2.0,3.0,3.0,54,8,193,95,144,none
773,1.59069767442,1.56976744186,2.7677530345,2.76431233872,12.2,13.0,10,2,86,10,579,54,227,none,none,none,-1.8,10463,349,149,3.0,-2.4,0.6,-36.0,100.8,-68.4,32.4,2.0,2.0,3.0,3.0,86,10,579,54,227,none
774,2.04273072061,2.04247787611,2.29172958935,2.28148082622,59.2857142857,53.0,83,94,565,7,1770,246,1939,none,none,none,-0.142857142857,22609,2882,3029,53.2857142857,-26.7142857143,26.5714285714,-231.714285714,2019.42857143,-1125.57142857,893.857142857,2.0,2.0,2.0,2.0,565,7,1770,246,1939,none
775,1.25242047026,1.02282157676,1.33510419724,1.08092163193,82.8333333333,20.0,467,10,482,6,2172,710,10,none,none,none,-110.666666667,34070,31259,2703,120.666666667,-115.666666667,5.0,-8660.0,11363.0,-10011.5,1351.5,1.0,1.0,1.0,1.0,482,6,2172,710,10,none
777,1.60284810127,1.63291139241,2.42656948475,2.43835777586,55.75,47.0,14,47,316,8,1695,142,691,none,none,none,9.5,25502,726,1483,15.25,-2.875,12.375,300.625,653.125,-176.25,476.875,2.0,2.0,2.0,2.0,316,8,1695,142,691,none
778,1.42444444444,1.47666666667,2.03460459316,2.26774394679,68.6,109.0,141,122,307,7,1391,563,117,29,7,42,15.6666666667,19246,3536,14460,90.3333333333,-37.3333333333,53.0,4487.0,6445.0,-979.0,5466.0,1.0,1.0,2.0,2.0,300,6,1113,559,99,29
779,1.37944408533,1.3257918552,2.37397076986,2.35698847262,30.4285714286,29.0,56,11,221,7,1171,165,211,none,none,none,-11.8571428571,11104,1319,788,17.2857142857,-14.5714285714,2.71428571429,-188.571428571,603.142857143,-395.857142857,207.285714286,1.0,1.0,2.0,2.0,221,7,1171,165,211,none
780,1.70096153846,1.70769230769,2.80612482853,2.80866941015,35.25,31.0,13,21,130,8,598,155,287,none,none,none,0.875,18225,572,1159,5.125,-2.125,3.0,46.375,301.875,-127.75,174.125,2.0,2.0,3.0,3.0,130,8,598,155,287,none
781,2.65240641711,2.70588235294,2.91148912437,2.9217791411,3.18181818182,3.0,1,4,17,11,18,29,140,none,none,none,0.909090909091,3260,88,396,1.63636363636,-0.363636363636,1.27272727273,33.5454545455,97.5454545455,-32.0,65.5454545455,3.0,3.0,3.0,3.0,17,11,18,29,140,none
782,2.38949275362,2.36231884058,2.90054468428,2.89782126286,12.25,7.0,7,2,69,8,155,27,370,none,none,none,-1.875,9914,75,3,3.375,-2.625,0.75,-27.0,29.25,-28.125,1.125,2.0,2.0,3.0,3.0,69,8,155,27,370,none
783,2.25625,2.25,2.95134604599,2.95513180034,4.5,7.0,3,2,20,8,47,25,88,none,none,none,-0.125,7132,42,95,1.625,-0.875,0.75,27.0,50.5,-11.75,38.75,2.0,2.0,3.0,3.0,20,8,47,25,88,none
784,1.61618589744,1.64743589744,2.59045213809,2.59186609128,47.875,42.0,22,28,156,8,832,63,353,none,none,none,4.875,15294,1217,1241,15.125,-5.125,10.0,21.625,622.125,-300.25,321.875,2.0,2.0,3.0,3.0,156,8,832,63,353,none
785,2.9237012987,2.92045454545,2.9937105097,2.99327036121,4.28571428571,5.0,2,1,88,7,12,23,581,none,none,none,-0.285714285714,24667,56,10,0.571428571429,-0.428571428571,0.142857142857,-10.8571428571,13.7142857143,-12.2857142857,1.42857142857,3.0,3.0,3.0,3.0,88,7,12,23,581,none
786,1.43342391304,1.38043478261,2.48258910956,2.44758647902,25.0,25.0,21,3,92,8,547,59,130,none,none,none,-4.875,7603,1038,68,7.125,-6.0,1.125,-266.125,320.875,-293.5,27.375,1.0,1.0,2.0,2.0,92,8,547,59,130,none
787,2.64503441495,2.87020648968,2.70446029687,2.93164721141,50.6666666667,47.0,7,244,339,6,260,202,1572,none,none,none,76.3333333333,23130,430,16250,79.0,-1.33333333333,77.6666666667,5254.83333333,5422.83333333,-84.0,5338.83333333,3.0,3.0,3.0,3.0,339,6,260,202,1572,none
788,1.62914449447,1.50429799427,2.54424995674,2.52079127977,136.142857143,161.0,174,21,349,7,1655,39,749,none,none,none,-43.5714285714,19816,2743,1193,55.2857142857,-49.4285714286,5.85714285714,-464.857142857,1070.28571429,-767.571428571,302.714285714,2.0,2.0,3.0,3.0,349,7,1655,39,749,none
789,1.73302469136,1.64197530864,2.50114528796,2.44607329843,53.875,67.0,48,8,81,8,320,181,147,none,none,none,-7.375,3820,1039,29,13.375,-10.375,3.0,-210.375,231.625,-221.0,10.625,2.0,2.0,3.0,2.0,81,8,320,181,147,none
790,1.52826633166,1.5175879397,2.34896675651,2.43000898473,73.375,83.0,96,41,199,8,1057,229,306,none,none,none,-2.125,5565,1196,2063,33.625,-17.875,15.75,451.0,911.75,-230.375,681.375,2.0,2.0,2.0,2.0,199,8,1057,229,306,none
791,1.77936746988,1.75903614458,2.61781106352,2.623328458,15.5,13.0,32,24,166,8,672,277,379,none,none,none,-3.375,19144,580,1086,12.375,-7.875,4.5,105.625,411.375,-152.875,258.5,2.0,2.0,3.0,3.0,166,8,672,277,379,none
792,1.22760290557,1.23728813559,2.2501882715,2.24982809993,6.85714285714,11.0,8,7,59,7,341,50,22,none,none,none,0.571428571429,4363,143,81,4.57142857143,-2.0,2.57142857143,-1.57142857143,58.7142857143,-30.1428571429,28.5714285714,1.0,1.0,2.0,2.0,59,7,341,50,22,none
793,1.00825763832,1.00578034682,1.00403379253,1.00266382525,1.0,1.0,2,0,173,7,1201,10,none,none,none,none,-0.428571428571,3754,20,0,0.428571428571,-0.428571428571,0,-5.14285714286,5.14285714286,-5.14285714286,0,1.0,1.0,1.0,1.0,173,7,1201,10,none,none
794,2.10338983051,2.1186440678,2.42381902258,2.42478919213,22.6,21.0,16,21,59,10,228,73,289,none,none,none,0.9,11029,2546,2119,5.5,-2.3,3.2,10.7,583.3,-286.3,297.0,2.0,2.0,2.0,2.0,59,10,228,73,289,none
795,1.41605524385,1.38066465257,2.44776532796,2.67727558857,38.4285714286,47.0,185,70,331,7,1679,312,326,none,none,none,-11.7142857143,39715,2479,33930,47.7142857143,-29.7142857143,18.0,9115.0,10034.7142857,-459.857142857,9574.85714286,1.0,1.0,2.0,3.0,331,7,1679,312,326,none
796,1.16506410256,1.15384615385,1.59029392476,1.65587551422,20.3333333333,29.0,15,9,104,6,551,43,30,none,none,none,-1.16666666667,5591,816,1776,7.5,-4.33333333333,3.16666666667,366.666666667,841.666666667,-237.5,604.166666667,1.0,1.0,2.0,2.0,104,6,551,43,30,none
797,1.12259615385,1.07451923077,1.37255308131,1.32360895333,32.4,30.0,106,16,416,6,1873,159,48,none,none,416,-20.0,17379,4274,787,29.6,-24.8,4.8,-850.6,1246.2,-1048.4,197.8,1.0,1.0,1.0,1.0,416,5,1873,159,48,none
798,1.61176470588,1.70294117647,1.76235295518,1.91355907987,24.0,33.0,62,238,340,6,1224,384,432,none,none,none,31.0,27996,1317,25514,59.3333333333,-14.1666666667,45.1666666667,4233.16666667,4788.83333333,-277.833333333,4511.0,2.0,2.0,2.0,2.0,340,6,1224,384,432,none
799,1.41423001949,1.25730994152,2.23778562637,2.22539733505,34.2857142857,31.0,104,18,171,7,790,317,89,1,none,none,-26.8333333333,12458,2946,1639,36.3095238095,-31.5714285714,4.7380952381,-154.333333333,1293.95238095,-724.142857143,569.80952381,1.0,1.0,2.0,2.0,171,7,790,317,89,1
800,1.2,1.1,2.00679415245,1.99587770526,13.1111111111,5.0,82,5,150,9,1174,82,94,none,none,none,-15.0,2911,638,635,17.4444444444,-16.2222222222,1.22222222222,-31.7777777778,190.888888889,-111.333333333,79.5555555556,1.0,1.0,2.0,2.0,150,9,1174,82,94,none
801,2.86571428571,2.84,2.97129040217,2.96580310881,14.4285714286,17.0,12,4,100,7,15,64,621,none,none,none,-2.57142857143,28950,932,511,4.85714285714,-3.71428571429,1.14285714286,-158.857142857,528.857142857,-343.857142857,185.0,3.0,3.0,3.0,3.0,100,7,15,64,621,none
802,1.6043956044,1.51923076923,2.64440237966,2.62493239589,8.85714285714,7.0,31,2,52,7,228,52,84,none,none,none,-4.42857142857,3698,577,40,6.14285714286,-5.28571428571,0.857142857143,-72.0,106.285714286,-89.1428571429,17.1428571429,2.0,2.0,3.0,3.0,52,7,228,52,84,none
803,1.86755952381,1.82142857143,2.75836267606,2.7079893152,16.25,17.0,19,11,84,8,351,59,262,none,none,none,-3.875,8236,1329,344,9.125,-6.5,2.625,-414.875,554.875,-484.875,70.0,2.0,2.0,3.0,3.0,84,8,351,59,262,none
804,1.94425087108,1.9512195122,2.85994820889,2.86253776435,5.0,5.0,0,1,41,7,144,15,128,none,none,none,0.285714285714,3310,0,30,0.285714285714,0,0.285714285714,8.57142857143,8.57142857143,0,8.57142857143,2.0,2.0,3.0,3.0,41,7,144,15,128,none
805,2.09085213033,2.20175438596,2.67918127015,2.74121687929,16.8571428571,11.0,55,118,228,7,403,645,547,1,none,none,25.2857142857,10190,1102,2913,43.5714285714,-9.14285714286,34.4285714286,632.142857143,993.571428571,-180.714285714,812.857142857,2.0,2.0,3.0,3.0,228,7,403,645,547,1
806,1.73958333333,1.78125,1.85416666667,1.86789772727,21.6666666667,19.0,1,8,32,6,98,46,48,none,none,none,1.33333333333,3520,8,274,1.66666666667,-0.166666666667,1.5,48.3333333333,51.0,-1.33333333333,49.6666666667,2.0,2.0,2.0,2.0,32,6,98,46,48,none
807,1.3043956044,1.22692307692,1.76159210473,1.75264059378,66.5714285714,53.0,149,33,260,7,1404,278,138,none,none,none,-20.1428571429,7006,3081,2259,43.5714285714,-31.8571428571,11.7142857143,-62.7142857143,1381.85714286,-722.285714286,659.571428571,1.0,1.0,2.0,2.0,260,7,1404,278,138,none
808,1.40618336887,1.35074626866,2.64099378882,2.62470837752,15.4285714286,11.0,45,7,134,7,661,103,139,35,none,none,-7.42857142857,9430,1138,430,11.7142857143,-9.57142857143,2.14285714286,-153.571428571,327.285714286,-240.428571429,86.8571428571,1.0,1.0,3.0,3.0,134,7,661,103,139,35
809,1.47557471264,1.47844827586,2.62646991759,2.66612918988,36.0,37.0,34,37,232,9,1536,111,441,none,none,none,0.666666666667,20466,843,5025,15.1111111111,-7.22222222222,7.88888888889,811.666666667,1319.66666667,-254.0,1065.66666667,1.0,1.0,3.0,3.0,232,9,1536,111,441,none
810,2.26198257081,2.28431372549,2.79480489176,2.84137843256,93.0,145.0,156,90,306,6,535,285,1016,none,none,none,6.83333333333,31427,2796,5933,71.5,-32.3333333333,39.1666666667,1463.66666667,2741.66666667,-639.0,2102.66666667,2.0,2.0,3.0,3.0,306,6,535,285,1016,none
811,1.56204379562,1.56934306569,2.6402937019,2.64651065389,17.75,23.0,12,24,274,8,1555,42,595,none,none,none,2.0,19101,139,847,7.5,-2.75,4.75,118.75,190.75,-36.0,154.75,2.0,2.0,3.0,3.0,274,8,1555,42,595,none
812,2.786,2.78,2.92113127463,2.91589068388,5.4,5.0,3,0,100,10,87,40,873,none,none,none,-0.6,23089,605,0,0.6,-0.6,0,-121.0,121.0,-121.0,0,3.0,3.0,3.0,3.0,100,10,87,40,873,none
814,1.71925360475,1.72519083969,2.4612308259,2.44885152735,25.4444444444,21.0,24,20,131,9,712,86,381,none,none,none,0.777777777778,8446,867,296,10.7777777778,-5.0,5.77777777778,-104.555555556,271.222222222,-187.888888889,83.3333333333,2.0,2.0,2.0,2.0,131,9,712,86,381,none
815,1.38591549296,1.3661971831,2.42902538875,2.43315229951,52.1428571429,65.0,117,50,355,7,1818,375,292,none,none,none,-7.0,17308,2149,1619,45.8571428571,-26.4285714286,19.4285714286,71.4285714286,1067.14285714,-497.857142857,569.285714286,1.0,1.0,2.0,2.0,355,7,1818,375,292,none
816,1.29230769231,1.25641025641,2.63160159852,2.62695972948,6.6,7.0,4,1,39,5,158,17,20,none,none,none,-1.4,6506,101,51,1.8,-1.6,0.2,-30.2,50.6,-40.4,10.2,1.0,1.0,3.0,3.0,39,5,158,17,20,none
817,2.37777777778,2.33333333333,2.95708630245,2.95439429929,2.83333333333,3.0,4,0,15,6,20,16,54,none,none,none,-0.666666666667,4210,68,0,0.666666666667,-0.666666666667,0,-11.3333333333,11.3333333333,-11.3333333333,0,2.0,2.0,3.0,3.0,15,6,20,16,54,none
819,2.25462962963,2.16666666667,2.69267535692,2.71019553073,5.77777777778,7.0,12,3,24,9,37,87,92,none,none,none,-2.11111111111,7160,1667,2190,3.44444444444,-2.77777777778,0.666666666667,125.444444444,775.222222222,-324.888888889,450.333333333,2.0,2.0,3.0,3.0,24,9,37,87,92,none
820,2.00355366027,2.0,2.68205311331,2.68727798974,27.8571428571,25.0,17,12,201,7,661,80,666,none,none,none,-0.714285714286,7601,367,435,7.0,-3.85714285714,3.14285714286,39.7142857143,191.428571429,-75.8571428571,115.571428571,2.0,2.0,3.0,3.0,201,7,661,80,666,none
821,2.41614906832,2.39130434783,2.68658957322,2.67553667263,4.71428571429,5.0,3,0,23,7,38,18,105,none,none,none,-0.571428571429,4472,270,0,0.571428571429,-0.571428571429,0,-49.4285714286,49.4285714286,-49.4285714286,0,2.0,2.0,3.0,3.0,23,7,38,18,105,none
822,1.2250082481,1.21709006928,1.84720068592,1.86144809092,25.5714285714,21.0,39,24,433,7,2570,240,221,none,none,none,-3.42857142857,7831,379,803,18.2857142857,-10.8571428571,7.42857142857,111.571428571,329.857142857,-109.142857143,220.714285714,1.0,1.0,2.0,2.0,433,7,2570,240,221,none
823,1.00119189511,1.00119189511,1.02211713709,1.02211713709,1.0,1.0,0,0,1678,8,13408,16,none,none,none,none,0.0,20301,0,0,0.0,0,0,0.0,0.0,0,0,1.0,1.0,1.0,1.0,1678,8,13408,16,none,none
824,1.28772635815,1.24647887324,1.51871929959,1.56190985213,47.0,52.0,56,34,142,7,833,36,125,none,none,none,-5.85714285714,5613,1563,3129,26.7142857143,-16.2857142857,10.4285714286,242.428571429,1150.42857143,-454.0,696.428571429,1.0,1.0,2.0,2.0,142,7,833,36,125,none
825,1.77837837838,1.8018018018,2.67481751825,2.69356100104,16.8,18.0,3,9,138,6,295,228,143,none,27,135,2.6,7672,68,416,4.6,-1.0,3.6,143.8,189.0,-22.6,166.4,2.0,2.0,3.0,3.0,111,5,241,196,118,none
826,1.87362637363,1.9358974359,2.6194842802,2.673503861,20.4285714286,21.0,8,34,78,7,256,103,187,none,none,none,4.85714285714,4144,235,1622,7.71428571429,-1.42857142857,6.28571428571,223.857142857,293.285714286,-34.7142857143,258.571428571,2.0,2.0,3.0,3.0,78,7,256,103,187,none
827,1.29137199434,1.26732673267,2.13709717464,2.18352450469,6.42857142857,5.0,33,14,101,7,568,72,67,none,none,none,-2.42857142857,2877,641,1508,7.0,-4.71428571429,2.28571428571,133.571428571,316.714285714,-91.5714285714,225.142857143,1.0,1.0,2.0,2.0,101,7,568,72,67,none
828,1.3048855906,1.25541125541,2.44321866034,2.43779145682,14.1428571429,15.0,73,7,231,7,1324,93,200,none,none,none,-11.4285714286,16083,1265,455,15.7142857143,-13.5714285714,2.14285714286,-87.2857142857,366.142857143,-226.714285714,139.428571429,1.0,1.0,2.0,2.0,231,7,1324,93,200,none
829,2.16785714286,2.2,2.80869521104,2.81534090909,4.71428571429,3.0,3,7,40,7,99,35,146,none,none,none,1.28571428571,5632,282,433,3.28571428571,-1.0,2.28571428571,37.4285714286,274.0,-118.285714286,155.714285714,2.0,2.0,3.0,3.0,40,7,99,35,146,none
830,1.48509485095,1.51219512195,2.68219471947,2.70881188119,19.0,15.0,3,16,123,6,544,30,164,none,none,none,3.33333333333,10100,164,1427,5.0,-0.833333333333,4.16666666667,268.833333333,372.5,-51.8333333333,320.666666667,1.0,2.0,3.0,3.0,123,6,544,30,164,none
831,1.19454253612,1.0202247191,1.45923969881,1.30801610542,23.8571428571,15.0,324,2,445,7,2537,550,28,none,none,none,-77.5714285714,5464,3508,331,79.0,-78.2857142857,0.714285714286,-826.285714286,1038.85714286,-932.571428571,106.285714286,1.0,1.0,1.0,1.0,445,7,2537,550,28,none
832,1.48445747801,1.25513196481,1.95413153457,1.86745362563,72.2,79.0,295,44,341,5,1041,502,162,none,none,none,-78.2,11860,6922,4570,101.0,-89.6,11.4,-1028.0,3079.2,-2053.6,1025.6,1.0,1.0,2.0,2.0,341,5,1041,502,162,none
833,1.91836734694,1.91964285714,2.6807753682,2.70161142648,17.8571428571,19.0,15,14,112,7,401,46,337,none,none,none,0.142857142857,10922,380,1308,8.14285714286,-4.0,4.14285714286,227.571428571,403.0,-87.7142857143,315.285714286,2.0,2.0,3.0,3.0,112,7,401,46,337,none
834,1.43650793651,1.39814814815,2.40968061078,2.38651509212,10.4285714286,9.0,20,3,108,7,576,30,150,none,none,none,-4.14285714286,7653,708,65,5.57142857143,-4.85714285714,0.714285714286,-177.285714286,214.142857143,-195.714285714,18.4285714286,1.0,1.0,2.0,2.0,108,7,576,30,150,none
835,1.45028409091,1.4375,2.60923064089,2.6205551732,10.2727272727,9.0,20,6,64,11,508,75,121,none,none,none,-0.818181818182,4359,159,280,3.54545454545,-2.18181818182,1.36363636364,49.3636363636,90.6363636364,-20.6363636364,70.0,1.0,1.0,3.0,3.0,64,11,508,75,121,none
836,1.76984126984,1.91156462585,2.85659709728,2.88488664987,139.0,139.0,12,55,147,6,468,148,265,1,none,none,20.8333333333,27790,957,4209,27.1666666667,-3.16666666667,24.0,786.166666667,1276.5,-245.166666667,1031.33333333,2.0,2.0,3.0,3.0,147,6,468,148,265,1
837,1.30651340996,1.33333333333,1.39787568843,1.35955940205,45.0,49.0,17,16,87,6,401,82,39,none,none,none,2.33333333333,6355,2151,324,9.0,-3.33333333333,5.66666666667,-243.5,493.5,-368.5,125.0,1.0,1.0,1.0,1.0,87,6,401,82,39,none
838,1.16513317191,1.07021791768,1.40751292039,1.44466508822,74.2333333333,43.0,149,20,413,6,2123,295,57,3,none,none,-39.2,13093,3229,4763,52.2,-45.7,6.5,486.433333333,2568.23333333,-1040.9,1527.33333333,1.0,1.0,1.0,1.0,413,6,2123,295,57,3
839,2.58857142857,2.56,2.85092900209,2.85529715762,4.28571428571,5.0,4,1,25,7,23,26,126,none,none,none,-0.714285714286,4644,81,247,1.0,-0.857142857143,0.142857142857,20.2857142857,50.2857142857,-15.0,35.2857142857,3.0,3.0,3.0,3.0,25,7,23,26,126,none
840,1.92857142857,1.953125,2.71346242143,2.71173667295,30.7142857143,37.0,11,16,64,7,195,90,163,none,none,none,1.57142857143,9023,504,496,7.57142857143,-3.0,4.57142857143,-15.5714285714,270.714285714,-143.142857143,127.571428571,2.0,2.0,3.0,3.0,64,7,195,90,163,none
841,2.55179934569,2.71755725191,2.91727548162,2.95378151261,19.5714285714,19.0,9,84,131,7,95,221,601,none,none,none,21.7142857143,24990,251,3492,24.5714285714,-1.42857142857,23.1428571429,912.285714286,992.571428571,-40.1428571429,952.428571429,3.0,3.0,3.0,3.0,131,7,95,221,601,none
842,1.86419753086,1.88888888889,2.71662171018,2.72390618571,14.7777777778,15.0,7,15,63,9,259,126,182,none,none,none,1.55555555556,7291,47,289,5.33333333333,-1.88888888889,3.44444444444,53.1111111111,81.3333333333,-14.1111111111,67.2222222222,2.0,2.0,3.0,3.0,63,9,259,126,182,none
843,2.65063649222,2.69306930693,2.93046213432,2.97617710756,5.85714285714,5.0,10,25,101,7,97,53,557,none,none,none,4.28571428571,24934,103,4106,10.0,-2.85714285714,7.14285714286,1139.85714286,1206.42857143,-33.2857142857,1173.14285714,3.0,3.0,3.0,3.0,101,7,97,53,557,none
844,2.21502209131,2.17525773196,2.72448447852,2.71877714087,39.5714285714,39.0,31,19,97,7,185,163,331,none,none,none,-3.85714285714,5757,775,751,14.4285714286,-9.14285714286,5.28571428571,-32.8571428571,422.857142857,-227.857142857,195.0,2.0,2.0,3.0,3.0,97,7,185,163,331,none
845,1.20789473684,1.14912280702,1.71932510288,1.70807760141,45.0,45.0,87,7,342,6,1766,144,141,1,none,none,-20.1,14175,1519,735,24.5666666667,-22.3333333333,2.23333333333,-159.433333333,623.233333333,-391.333333333,231.9,1.0,1.0,2.0,2.0,342,6,1766,144,141,1
846,1.72619047619,1.70833333333,2.72905963244,2.72678475577,7.14285714286,7.0,9,2,72,7,308,26,170,none,none,none,-1.28571428571,5589,101,48,2.42857142857,-1.85714285714,0.571428571429,-12.7142857143,40.1428571429,-26.4285714286,13.7142857143,2.0,2.0,3.0,3.0,72,7,308,26,170,none
847,2.78194444444,2.79166666667,2.93841960165,2.94089768609,6.0,5.0,0,3,120,6,72,13,635,none,none,none,1.16666666667,10761,0,88,1.16666666667,0,1.16666666667,26.6666666667,26.6666666667,0,26.6666666667,3.0,3.0,3.0,3.0,120,6,72,13,635,none
848,1.80183486239,1.84403669725,2.66624685139,2.67548278757,24.2,23.0,4,16,109,5,313,27,205,none,none,none,4.6,9528,1053,787,6.6,-1.0,5.6,88.0,514.0,-213.0,301.0,2.0,2.0,3.0,3.0,109,5,313,27,205,none
849,1.82838983051,1.84745762712,2.55808477237,2.58129625477,6.5,5.0,7,6,59,8,254,43,174,1,none,none,1.125,4459,107,283,4.375,-1.625,2.75,103.5,150.0,-23.25,126.75,2.0,2.0,3.0,3.0,59,8,254,43,174,1
850,2.725,2.71875,2.90842892768,2.9170407315,4.6,5.0,2,2,32,5,8,28,124,none,none,none,-0.2,6015,47,312,1.4,-0.8,0.6,51.8,89.4,-18.8,70.6,3.0,3.0,3.0,3.0,32,5,8,28,124,none
852,2.2183600713,2.2513368984,2.79013787802,2.83059274568,79.3333333333,77.0,47,64,187,6,333,211,578,none,none,none,6.16666666667,33387,1856,6847,25.8333333333,-9.83333333333,16.0,1350.66666667,2154.0,-401.666666667,1752.33333333,2.0,2.0,3.0,3.0,187,6,333,211,578,none
853,1.77175697865,1.84236453202,2.5392981103,2.56513690706,108.166666667,94.0,63,91,203,6,566,358,291,3,none,none,14.3333333333,25930,3251,4099,41.3333333333,-13.5,27.8333333333,670.0,1925.33333333,-627.666666667,1297.66666667,2.0,2.0,3.0,3.0,203,6,566,358,291,3
854,1.96930342385,1.85950413223,2.29313050622,1.98005155661,39.0,14.0,66,48,121,7,311,251,285,none,none,none,-13.2857142857,25215,22631,1320,37.2857142857,-25.2857142857,12.0,-7894.28571429,8525.71428571,-8210.0,315.714285714,2.0,2.0,2.0,2.0,121,7,311,251,285,none
855,1.58108108108,1.40540540541,2.24818196105,2.30833083308,138.571428571,169.0,174,45,222,7,910,385,259,none,none,none,-39.0,9999,3593,6319,65.0,-52.0,13.0,601.428571429,3018.85714286,-1208.71428571,1810.14285714,2.0,1.0,2.0,2.0,222,7,910,385,259,none
856,1.77336448598,1.72897196262,2.70225472273,2.70968921389,21.125,21.0,69,13,107,8,460,130,266,none,none,none,-4.75,8205,1208,714,13.0,-8.875,4.125,61.0,366.25,-152.625,213.625,2.0,2.0,3.0,3.0,107,8,460,130,266,none
857,1.90207373272,1.70967741935,2.65298344948,2.6081046748,39.8571428571,44.0,90,6,124,7,342,269,257,none,none,none,-23.8571428571,7872,1669,721,27.2857142857,-25.5714285714,1.71428571429,-353.285714286,571.285714286,-462.285714286,109.0,2.0,2.0,3.0,3.0,124,7,342,269,257,none
858,1.17692307692,1.13846153846,2.17475475866,2.18735788995,14.1428571429,17.0,44,7,130,7,792,75,43,none,none,none,-5.0,4398,444,526,8.42857142857,-6.71428571429,1.71428571429,55.4285714286,225.428571429,-85.0,140.428571429,1.0,1.0,2.0,2.0,130,7,792,75,43,none
859,1.66666666667,1.66666666667,2.82151364227,2.8291468168,6.5,7.0,4,3,48,8,239,34,111,none,none,none,0.0,4618,44,124,2.5,-1.25,1.25,35.25,59.75,-12.25,47.5,2.0,2.0,3.0,3.0,48,8,239,34,111,none
860,1.56435643564,1.83168316832,2.21425443398,2.3606306109,9.5,9.0,6,59,101,8,450,260,98,none,none,none,27.0,4567,206,2121,29.25,-1.125,28.125,668.5,752.25,-41.875,710.375,2.0,2.0,2.0,2.0,101,8,450,260,98,none
861,1.51888888889,1.48333333333,2.56234538271,2.57526861869,146.0,151.0,71,24,300,6,1263,140,397,none,none,none,-10.6666666667,27083,2623,4243,25.3333333333,-18.0,7.33333333333,350.0,1761.66666667,-705.833333333,1055.83333333,2.0,1.0,3.0,3.0,300,6,1263,140,397,none
862,2.10309278351,2.18041237113,2.59130152548,2.63291139241,93.6,93.0,33,70,194,5,352,162,453,3,none,none,15.0,6162,560,1334,29.8,-7.4,22.4,256.4,488.8,-116.2,372.6,2.0,2.0,3.0,3.0,194,5,352,162,453,3
863,1.37593984962,1.36842105263,1.94058703556,1.94134078212,7.28571428571,9.0,7,3,76,7,399,66,67,none,none,none,-0.571428571429,3222,339,202,3.14285714286,-1.85714285714,1.28571428571,2.42857142857,170.714285714,-84.1428571429,86.5714285714,1.0,1.0,2.0,2.0,76,7,399,66,67,none
865,2.31362007168,2.35483870968,2.81576913167,2.84205101778,21.5,27.0,18,20,93,6,146,91,321,none,none,none,3.83333333333,15524,581,1836,11.5,-3.83333333333,7.66666666667,408.0,715.333333333,-153.666666667,561.666666667,2.0,2.0,3.0,3.0,93,6,146,91,321,none
866,1.4367965368,1.46060606061,2.33180678071,2.38567764845,40.1428571429,31.0,17,41,330,7,1765,81,464,none,none,none,7.85714285714,10138,276,2124,15.5714285714,-3.85714285714,11.7142857143,546.142857143,678.428571429,-66.1428571429,612.285714286,1.0,1.0,2.0,2.0,330,7,1765,81,464,none
867,1.55798319328,1.55294117647,2.81224746341,2.81473915776,6.71428571429,7.0,3,2,85,7,416,26,153,none,none,none,-0.428571428571,6364,37,171,1.57142857143,-1.0,0.571428571429,15.8571428571,41.5714285714,-12.8571428571,28.7142857143,2.0,2.0,3.0,3.0,85,7,416,26,153,none
868,2.03984962406,1.97894736842,2.59650015381,2.55366904091,42.0,37.0,72,9,190,7,549,179,602,none,none,none,-11.5714285714,12074,2618,410,17.2857142857,-14.4285714286,2.85714285714,-517.142857143,777.428571429,-647.285714286,130.142857143,2.0,2.0,3.0,3.0,190,7,549,179,602,none
869,2.31473214286,2.3046875,2.63653937747,2.67013139831,43.8571428571,65.0,43,50,128,7,237,140,519,none,none,none,-1.28571428571,10198,1872,3654,25.8571428571,-13.5714285714,12.2857142857,342.571428571,1419.71428571,-538.571428571,881.142857143,2.0,2.0,3.0,3.0,128,7,237,140,519,none
871,2.87669172932,2.88421052632,2.95692399522,2.95699860724,8.14285714286,7.0,3,6,95,7,20,42,603,none,none,none,0.714285714286,5744,114,106,1.85714285714,-0.571428571429,1.28571428571,0.428571428571,51.2857142857,-25.4285714286,25.8571428571,3.0,3.0,3.0,3.0,95,7,20,42,603,none
872,2.34501347709,2.33018867925,2.85039069135,2.85398335315,30.1428571429,29.0,21,14,106,7,187,112,443,none,none,none,-1.57142857143,16820,705,954,9.57142857143,-5.57142857143,4.0,60.4285714286,445.285714286,-192.428571429,252.857142857,2.0,2.0,3.0,3.0,106,7,187,112,443,none
873,2.05023364486,2.05607476636,2.80056589464,2.80415378333,17.5,19.0,4,5,107,8,380,53,423,none,none,none,0.625,17141,188,364,2.125,-0.75,1.375,61.5,127.75,-33.125,94.625,2.0,2.0,3.0,3.0,107,8,380,53,423,none
874,1.89956855225,1.87751677852,2.1665046391,2.13401384909,44.7142857143,27.0,91,54,596,7,2268,55,1849,none,none,none,-13.1428571429,16752,2146,714,43.4285714286,-28.2857142857,15.1428571429,-544.285714286,861.714285714,-703.0,158.714285714,2.0,2.0,2.0,2.0,596,7,2268,55,1849,none
875,1.52074275362,1.55706521739,2.57881061766,2.60301174068,105.5,119.0,36,52,368,6,1567,132,508,1,none,none,13.3666666667,19590,671,1774,30.7,-8.66666666667,22.0333333333,474.1,815.766666667,-170.833333333,644.933333333,2.0,2.0,3.0,3.0,368,6,1567,132,508,1
876,1.58496732026,1.55882352941,2.65195870457,2.6709800594,10.3333333333,5.0,14,4,68,9,411,44,157,none,none,none,-1.77777777778,4714,144,319,4.44444444444,-3.11111111111,1.33333333333,89.6666666667,158.333333333,-34.3333333333,124.0,2.0,2.0,3.0,3.0,68,9,411,44,157,none
877,1.0363062352,1.03314917127,1.75833058397,1.75519630485,5.57142857143,5.0,2,0,181,7,1237,14,16,none,none,none,-0.571428571429,3464,38,0,0.571428571429,-0.571428571429,0,-10.8571428571,10.8571428571,-10.8571428571,0,1.0,1.0,2.0,2.0,181,7,1237,14,16,none
878,2.5612244898,2.57142857143,2.93866388853,2.93918478969,5.57142857143,5.0,1,2,28,7,29,28,139,none,none,none,0.285714285714,7679,74,72,0.571428571429,-0.142857142857,0.428571428571,4.0,25.1428571429,-10.5714285714,14.5714285714,3.0,3.0,3.0,3.0,28,7,29,28,139,none
879,2.625,2.66666666667,2.96443653756,2.97032197853,9.75,9.0,3,7,48,8,55,34,295,none,none,none,2.0,21430,214,354,3.0,-0.5,2.5,126.125,187.875,-30.875,157.0,3.0,3.0,3.0,3.0,48,8,55,34,295,none
880,2.62215909091,2.63636363636,2.93338402539,2.93440888654,6.0,7.0,3,5,44,8,55,23,274,none,none,none,0.625,3781,68,79,2.375,-0.875,1.5,3.875,44.125,-20.125,24.0,3.0,3.0,3.0,3.0,44,8,55,23,274,none
881,2.27058823529,2.27205882353,2.95026396221,2.95046243004,5.0,5.0,2,3,137,6,278,65,473,none,1,5,0.2,25193,29,55,1.4,-0.6,0.8,5.0,21.0,-8.0,13.0,2.0,2.0,3.0,3.0,136,5,233,30,417,none
882,1.63315217391,1.63043478261,2.95946359567,2.95929142595,5.25,5.0,1,0,46,8,241,21,106,none,none,none,-0.125,26137,36,0,0.125,-0.125,0,-4.5,4.5,-4.5,0,2.0,2.0,3.0,3.0,46,8,241,21,106,none
883,1.98096707819,1.97942386831,2.33057242776,2.31676789987,5.25,5.0,5,2,243,8,117,1747,80,none,none,none,-0.375,5433,340,21,1.125,-0.75,0.375,-75.0,83.25,-79.125,4.125,2.0,2.0,2.0,2.0,243,8,117,1747,80,none
884,1.51467331118,1.55813953488,2.05083029567,1.8650171214,15.1904761905,13.0,41,34,86,7,411,60,122,9,none,none,3.7380952381,9053,7186,1589,24.4047619048,-10.3333333333,14.0714285714,-1682.16666667,2927.45238095,-2304.80952381,622.642857143,2.0,2.0,2.0,2.0,86,7,411,60,122,9
885,1.1421301345,1.10432569975,1.41399854766,1.38609057301,32.1428571429,37.0,90,19,393,7,2448,215,88,none,none,none,-14.8571428571,8656,1858,743,25.4285714286,-20.1428571429,5.28571428571,-241.571428571,625.285714286,-433.428571429,191.857142857,1.0,1.0,1.0,1.0,393,7,2448,215,88,none
887,1.77027027027,1.72972972973,2.82621365056,2.81308579668,5.33333333333,7.0,8,2,37,6,129,15,78,none,none,none,-1.5,5548,283,40,2.83333333333,-2.16666666667,0.666666666667,-72.8333333333,86.8333333333,-79.8333333333,7.0,2.0,2.0,3.0,3.0,37,6,129,15,78,none
888,2.57317073171,2.60975609756,2.93108709144,2.93587091436,6.125,7.0,3,7,41,8,56,28,244,none,none,none,1.5,4834,71,146,3.25,-0.875,2.375,23.125,75.875,-26.375,49.5,3.0,3.0,3.0,3.0,41,8,56,28,244,none
889,2.45454545455,2.45454545455,2.91567818463,2.92136732852,4.42857142857,5.0,2,4,33,7,48,30,153,none,none,none,0.0,8864,66,467,1.14285714286,-0.571428571429,0.571428571429,50.4285714286,83.0,-16.2857142857,66.7142857143,2.0,2.0,3.0,3.0,33,7,48,30,153,none
890,1.72321428571,1.67857142857,2.51796239124,2.52034802133,26.125,27.0,28,8,56,8,252,68,128,none,none,none,-2.5,3563,638,378,8.5,-5.5,3.0,8.5,280.75,-136.125,144.625,2.0,2.0,3.0,3.0,56,8,252,68,128,none
891,1.10962962963,1.00666666667,1.14448480333,1.03436714166,5.88888888889,3.0,269,0,300,9,2413,278,9,none,none,none,-30.8888888889,3579,3242,0,30.8888888889,-30.8888888889,0,-394.111111111,394.111111111,-394.111111111,0,1.0,1.0,1.0,1.0,300,9,2413,278,9,none
892,1.54352678571,1.53571428571,2.49908433509,2.50478963186,15.0,9.0,24,16,112,8,620,65,211,none,none,none,-0.875,10648,897,872,10.625,-5.75,4.875,60.75,442.0,-190.625,251.375,2.0,2.0,2.0,3.0,112,8,620,65,211,none
893,2.22849462366,2.22580645161,2.92026106697,2.93577374196,7.33333333333,5.0,6,5,31,12,119,49,204,none,none,none,-0.0833333333333,10572,47,983,2.58333333333,-1.33333333333,1.25,164.0,178.833333333,-7.41666666667,171.416666667,2.0,2.0,3.0,3.0,31,12,119,49,204,none
894,1.46044864227,1.4132231405,2.62418145235,2.60832266325,12.7142857143,5.0,57,9,121,7,617,70,160,none,none,none,-5.71428571429,7810,912,75,10.8571428571,-8.28571428571,2.57142857143,-123.857142857,162.142857143,-143.0,19.1428571429,1.0,1.0,3.0,3.0,121,7,617,70,160,none
895,1.68452380952,1.725,2.81063311688,2.81697443182,19.0,17.0,5,30,120,7,497,111,232,none,none,none,4.85714285714,14080,184,647,6.57142857143,-0.857142857143,5.71428571429,89.2857142857,153.857142857,-32.2857142857,121.571428571,2.0,2.0,3.0,3.0,120,7,497,111,232,none
896,2.49834983498,2.5099009901,2.90427154844,2.91041189931,14.0,11.0,4,13,202,6,286,36,890,none,none,none,2.33333333333,17480,84,467,4.33333333333,-1.0,3.33333333333,107.333333333,146.666666667,-19.6666666667,127.0,2.0,3.0,3.0,3.0,202,6,286,36,890,none
898,1.06171284635,1.03694374475,1.57156181917,1.55763888889,54.1666666667,53.0,112,17,1677,7,8041,102,194,none,486,2916,-29.5,24480,2913,1307,38.1666666667,-33.8333333333,4.33333333333,-340.833333333,1164.16666667,-752.5,411.666666667,1.0,1.0,2.0,2.0,1191,6,6884,83,179,none
899,2.65178571429,2.71875,2.87721238938,2.94862340216,7.28571428571,5.0,3,16,32,7,16,46,162,none,none,none,2.14285714286,8136,45,2373,4.42857142857,-1.14285714286,3.28571428571,581.0,619.0,-19.0,600.0,3.0,3.0,3.0,3.0,32,7,16,46,162,none
900,2.20781893004,2.20987654321,2.90050641638,2.90025453388,8.33333333333,9.0,2,1,81,6,175,35,276,none,none,none,0.166666666667,12572,28,3,0.833333333333,-0.333333333333,0.5,-3.16666666667,6.16666666667,-4.66666666667,1.5,2.0,2.0,3.0,3.0,81,6,175,35,276,none
901,1.68297455969,1.63470319635,2.48981852712,2.48215164943,13.8571428571,13.0,83,7,219,7,961,97,473,2,none,none,-10.5714285714,8124,953,336,14.5714285714,-12.5714285714,2.0,-62.2857142857,258.857142857,-160.571428571,98.2857142857,2.0,2.0,2.0,2.0,219,7,961,97,473,2
902,2.44027777778,2.42083333333,2.66620088499,2.64367701367,17.8333333333,18.0,23,9,240,6,340,126,974,none,none,none,-4.66666666667,10019,860,160,10.3333333333,-7.5,2.83333333333,-225.666666667,344.333333333,-285.0,59.3333333333,2.0,2.0,3.0,3.0,240,6,340,126,974,none
903,1.70044642857,1.646875,2.16509776199,2.16330251335,89.2857142857,95.0,143,73,320,7,1229,453,558,none,none,none,-17.1428571429,15358,4153,5448,47.4285714286,-32.2857142857,15.1428571429,-27.5714285714,2059.85714286,-1043.71428571,1016.14285714,2.0,2.0,2.0,2.0,320,7,1229,453,558,none
904,1.27228682171,1.08720930233,1.35120481928,1.27389558233,8.33333333333,11.0,135,10,172,6,770,243,19,none,none,none,-31.8333333333,4980,3885,862,41.1666666667,-36.5,4.66666666667,-385.0,1241.33333333,-813.166666667,428.166666667,1.0,1.0,1.0,1.0,172,6,770,243,19,none
905,1.32691729323,1.14315789474,1.55252685027,1.54552808534,19.0,45.0,377,63,475,7,2297,969,59,none,none,none,-87.2857142857,19779,9247,9451,128.142857143,-107.714285714,20.4285714286,-138.428571429,5617.85714286,-2878.14285714,2739.71428571,1.0,1.0,2.0,2.0,475,7,2297,969,59,none
906,1.31481481481,1.32407407407,2.14508200151,2.1700485315,71.1666666667,78.0,13,34,218,7,1189,168,155,none,2,12,2.0,47804,132,7368,9.33333333333,-3.66666666667,5.66666666667,1193.5,1262.5,-34.5,1228.0,1.0,1.0,2.0,2.0,216,6,1020,144,132,none
907,2.7256097561,2.78048780488,2.94631644152,2.97019890028,21.25,19.0,5,21,82,8,53,74,529,none,none,none,4.5,29462,184,3427,7.25,-1.375,5.875,703.625,799.375,-47.875,751.5,3.0,3.0,3.0,3.0,82,8,53,74,529,none
909,1.15224828935,1.00146627566,1.16327433628,1.00884955752,12.6666666667,1.0,613,0,682,6,3470,621,1,none,none,none,-102.833333333,19210,17522,0,102.833333333,-102.833333333,0,-2966.5,2966.5,-2966.5,0,1.0,1.0,1.0,1.0,682,6,3470,621,1,none
910,2.01449275362,1.95652173913,2.76949860724,2.76128133705,5.0,5.0,9,1,23,6,58,20,60,none,none,none,-1.33333333333,3590,205,28,1.66666666667,-1.5,0.166666666667,-29.5,38.8333333333,-34.1666666667,4.66666666667,2.0,2.0,3.0,3.0,23,6,58,20,60,none
911,1.60846560847,1.57407407407,2.60727836666,2.60413153457,13.5714285714,9.0,18,10,108,7,511,30,215,none,none,none,-3.71428571429,9488,1055,2152,7.14285714286,-5.42857142857,1.71428571429,-29.8571428571,655.0,-342.428571429,312.571428571,2.0,2.0,3.0,3.0,108,7,511,30,215,none
912,1.59189189189,1.7027027027,2.52377087199,2.58789424861,4.8,5.0,31,35,74,10,397,248,95,none,none,none,8.2,4312,592,1455,23.2,-7.5,15.7,276.5,574.9,-149.2,425.7,2.0,2.0,3.0,3.0,74,10,397,248,95,none
913,2.1440337763,2.18313953488,2.36513614455,2.42064122946,52.3333333333,37.0,100,139,344,7,790,476,1137,5,none,none,13.4523809524,7548,1305,2792,68.880952381,-27.7142857143,41.1666666667,418.952380952,1155.52380952,-368.285714286,787.238095238,2.0,2.0,2.0,2.0,344,7,790,476,1137,5
914,2.17397959184,2.23265306122,2.4266231593,2.46000669344,22.75,25.0,28,52,245,8,749,121,1090,none,none,none,14.375,5976,464,717,27.625,-6.625,21.0,199.5,422.5,-111.5,311.0,2.0,2.0,2.0,2.0,245,8,749,121,1090,none
915,1.21502590674,1.08160621762,1.6289882895,1.54628527548,30.8571428571,23.0,518,57,772,7,4405,836,163,none,none,none,-103.0,26045,10086,2116,122.142857143,-112.571428571,9.57142857143,-2154.0,2832.57142857,-2493.28571429,339.285714286,1.0,1.0,2.0,2.0,772,7,4405,836,163,none
916,1.60576923077,1.57692307692,2.889905549,2.89334907517,10.5,9.0,8,2,26,8,129,32,47,none,none,none,-0.75,5082,35,175,1.25,-1.0,0.25,17.5,26.25,-4.375,21.875,2.0,2.0,3.0,3.0,26,8,129,32,47,none
917,1.61327561328,1.57575757576,2.51487254506,2.46139359699,24.7142857143,29.0,31,14,99,7,447,67,179,none,none,none,-3.71428571429,16992,5302,1789,14.2857142857,-9.0,5.28571428571,-908.714285714,2137.28571429,-1523.0,614.285714286,2.0,2.0,3.0,2.0,99,7,447,67,179,none
918,1.0236453202,1.0091954023,1.09157844291,1.06617871302,5.85714285714,3.0,41,2,435,7,2982,54,9,none,none,none,-6.28571428571,6558,1015,80,6.85714285714,-6.57142857143,0.285714285714,-166.571428571,189.428571429,-178.0,11.4285714286,1.0,1.0,1.0,1.0,435,7,2982,54,9,none
919,1.25574912892,1.25853658537,2.18833153542,2.22150305645,13.5714285714,13.0,14,15,205,7,1225,53,157,none,none,none,0.571428571429,11124,262,2429,7.14285714286,-3.28571428571,3.85714285714,369.0,476.714285714,-53.8571428571,422.857142857,1.0,1.0,2.0,2.0,205,7,1225,53,157,none
920,2.44230769231,2.38461538462,2.96543951916,2.96243425995,4.25,5.0,3,1,13,8,18,22,64,none,none,none,-0.75,3993,50,25,1.0,-0.875,0.125,-12.0,18.25,-15.125,3.125,2.0,2.0,3.0,3.0,13,8,18,22,64,none
921,1.86335403727,1.7701863354,2.92226373879,2.92398252472,42.125,43.0,93,20,161,8,638,188,462,none,none,none,-15.0,21745,760,667,27.25,-21.125,6.125,37.375,319.375,-141.0,178.375,2.0,2.0,3.0,3.0,161,8,638,188,462,none
922,1.15091463415,1.0487804878,1.66288694863,1.63945269683,35.125,39.0,642,19,738,8,5078,761,65,none,none,none,-75.375,26457,11127,2264,86.875,-81.125,5.75,-620.0,2243.5,-1431.75,811.75,1.0,1.0,2.0,2.0,738,8,5078,761,65,none
923,1.25510204082,1.24489795918,2.56449589058,2.56164125729,7.0,7.0,6,3,49,6,245,23,26,none,none,none,-0.5,5313,160,69,1.5,-1.0,0.5,-15.1666666667,38.1666666667,-26.6666666667,11.5,1.0,1.0,3.0,3.0,49,6,245,23,26,none
